component,kind,time,CdA,Hdot,Q,dP,mdot,qdot,state
gn2_pressurant_regulator,BangBang,0.0,1.02e-06,14896.416156622698,,27579029.17267068,0.056612129077139584,0,1
gn2_pressurant_regulator,BangBang,0.1,1.02e-06,14896.416156622698,,27579029.17267068,0.056612129077139584,0,False
gn2_pressurant_regulator,BangBang,0.1,1.02e-06,14896.416156622698,,27579029.17267068,0.056612129077139584,0,False
gn2_pressurant_regulator,BangBang,0.2,1.02e-06,14896.416156622698,,27579029.17267068,0.056612129077139584,0,False
gn2_pressurant_regulator,BangBang,0.2,1.02e-06,14811.124478191072,,27494067.2757644,0.05638130402671678,0,True
gn2_pressurant_regulator,BangBang,0.2,1.02e-06,14726.629814479282,,27299806.836138215,0.056152205524748984,0,True
gn2_pressurant_regulator,BangBang,0.3,1.02e-06,14726.629814479282,,27299806.836138215,0.056152205524748984,0,False
gn2_pressurant_regulator,BangBang,0.4,1.02e-06,14726.629814479282,,27299806.836138215,0.056152205524748984,0,False
gn2_pressurant_regulator,BangBang,0.4,1.02e-06,14726.629814479282,,27299806.836138215,0.056152205524748984,0,False
gn2_pressurant_regulator,BangBang,0.5,1.02e-06,14642.921804606778,,27215820.66355968,0.055924814603687485,0,True
gn2_pressurant_regulator,BangBang,0.5,1.02e-06,14559.990259287559,,27026869.48190872,0.05569911256942884,0,True
gn2_pressurant_regulator,BangBang,0.6,1.02e-06,14559.990259287559,,27026869.48190872,0.05569911256942884,0,False
gn2_pressurant_regulator,BangBang,0.6,1.02e-06,14559.990259287559,,27026869.48190872,0.05569911256942884,0,False
gn2_pressurant_regulator,BangBang,0.7,1.02e-06,14559.990259287559,,27026869.48190872,0.05569911256942884,0,False
gn2_pressurant_regulator,BangBang,0.7,1.02e-06,14559.990259287559,,27026869.48190872,0.05569911256942884,0,False
gn2_pressurant_regulator,BangBang,0.8,1.02e-06,14477.825157390198,,26978366.009785,0.05547508099645068,0,True
gn2_pressurant_regulator,BangBang,0.8,1.02e-06,14396.416642578686,,26794327.84532894,0.05525270172304981,0,True
gn2_pressurant_regulator,BangBang,0.9,1.02e-06,14396.416642578686,,26794327.84532894,0.05525270172304981,0,False
gn2_pressurant_regulator,BangBang,0.9,1.02e-06,14396.416642578686,,26794327.84532894,0.05525270172304981,0,False
gn2_pressurant_regulator,BangBang,1.0,1.02e-06,14396.416642578686,,26794327.84532894,0.05525270172304981,0,False
gn2_pressurant_regulator,BangBang,1.0,1.02e-06,14315.755020030869,,26711702.926131006,0.0550319568466797,0,True
gn2_pressurant_regulator,BangBang,1.1,1.02e-06,14235.830753234608,,26532373.722256772,0.05481282871938666,0,True
gn2_pressurant_regulator,BangBang,1.1,1.02e-06,14235.830753234608,,26532373.722256772,0.05481282871938666,0,False
gn2_pressurant_regulator,BangBang,1.2,1.02e-06,14235.830753234608,,26532373.722256772,0.05481282871938666,0,False
gn2_pressurant_regulator,BangBang,1.2,1.02e-06,14235.830753234608,,26532373.722256772,0.05481282871938666,0,False
gn2_pressurant_regulator,BangBang,1.2,1.02e-06,14156.634460857775,,26451458.03389438,0.05459529994334109,0,True
gn2_pressurant_regulator,BangBang,1.3,1.02e-06,14078.1569136904,,26276579.710430536,0.05437935336646142,0,True
gn2_pressurant_regulator,BangBang,1.4,1.02e-06,14078.1569136904,,26276579.710430536,0.05437935336646142,0,False
gn2_pressurant_regulator,BangBang,1.4,1.02e-06,14078.1569136904,,26276579.710430536,0.05437935336646142,0,False
gn2_pressurant_regulator,BangBang,1.5,1.02e-06,14078.1569136904,,26276579.710430536,0.05437935336646142,0,False
gn2_pressurant_regulator,BangBang,1.5,1.02e-06,14000.389031657798,,26197199.75728922,0.05416497207812901,0,True
gn2_pressurant_regulator,BangBang,1.6,1.02e-06,13923.321880902333,,26026538.129211605,0.05395213940499204,0,True
gn2_pressurant_regulator,BangBang,1.6,1.02e-06,13923.321880902333,,26026538.129211605,0.05395213940499204,0,False
gn2_pressurant_regulator,BangBang,1.7,1.02e-06,13923.321880902333,,26026538.129211605,0.05395213940499204,0,False
gn2_pressurant_regulator,BangBang,1.7,1.02e-06,13923.321880902333,,26026538.129211605,0.05395213940499204,0,False
gn2_pressurant_regulator,BangBang,1.8,1.02e-06,13846.946670931828,,25948551.313584436,0.05374083890685564,0,True
gn2_pressurant_regulator,BangBang,1.8,1.02e-06,13771.25475183325,,25781893.259970028,0.05353105437265622,0,True
gn2_pressurant_regulator,BangBang,1.9,1.02e-06,13771.25475183325,,25781893.259970028,0.05353105437265622,0,False
gn2_pressurant_regulator,BangBang,1.9,1.02e-06,13771.25475183325,,25781893.259970028,0.05353105437265622,0,False
gn2_pressurant_regulator,BangBang,2.0,1.02e-06,13771.25475183325,,25781893.259970028,0.05353105437265622,0,False
gn2_pressurant_regulator,BangBang,2.0,1.02e-06,13696.237611549821,,25705181.70849672,0.05332276981651901,0,True
gn2_pressurant_regulator,BangBang,2.1,1.02e-06,13621.886873219666,,25542332.546186447,0.05311596947389497,0,True
gn2_pressurant_regulator,BangBang,2.1,1.02e-06,13621.886873219666,,25542332.546186447,0.05311596947389497,0,False
gn2_pressurant_regulator,BangBang,2.1,1.02e-06,13621.886873219666,,25542332.546186447,0.05311596947389497,0,False
gn2_pressurant_regulator,BangBang,2.2,1.02e-06,13621.886873219666,,25542332.546186447,0.05311596947389497,0,False
gn2_pressurant_regulator,BangBang,2.2,1.02e-06,13548.194292575019,,25466798.418138202,0.05291063779777771,0,True
gn2_pressurant_regulator,BangBang,2.3,1.02e-06,13475.151755399816,,25307579.70321816,0.05270675945499619,0,True
gn2_pressurant_regulator,BangBang,2.4,1.02e-06,13475.151755399816,,25307579.70321816,0.05270675945499619,0,False
gn2_pressurant_regulator,BangBang,2.4,1.02e-06,13475.151755399816,,25307579.70321816,0.05270675945499619,0,False
gn2_pressurant_regulator,BangBang,2.5,1.02e-06,13475.151755399816,,25307579.70321816,0.05270675945499619,0,False
gn2_pressurant_regulator,BangBang,2.5,1.02e-06,13402.751275043953,,25233141.408929072,0.052504319322582226,0,True
gn2_pressurant_regulator,BangBang,2.6,1.02e-06,13330.98498999436,,25077389.05498087,0.05230330248421237,0,True
gn2_pressurant_regulator,BangBang,2.6,1.02e-06,13259.845161498892,,24923236.602510147,0.05210369422672011,0,True
gn2_pressurant_regulator,BangBang,2.7,1.02e-06,13259.845161498892,,24923236.602510147,0.05210369422672011,0,False
gn2_pressurant_regulator,BangBang,2.7,1.02e-06,13259.845161498892,,24923236.602510147,0.05210369422672011,0,False
gn2_pressurant_regulator,BangBang,2.8,1.02e-06,13259.845161498892,,24923236.602510147,0.05210369422672011,0,False
gn2_pressurant_regulator,BangBang,2.8,1.02e-06,13259.845161498892,,24923236.602510147,0.05210369422672011,0,False
gn2_pressurant_regulator,BangBang,2.9,1.02e-06,13189.32417124391,,24878888.104089417,0.051905480036678324,0,True
gn2_pressurant_regulator,BangBang,2.9,1.02e-06,13119.414519083182,,24728090.59766396,0.051708645597050476,0,True
gn2_pressurant_regulator,BangBang,3.0,1.02e-06,13050.108820816762,,24578825.723897062,0.05151317678390755,0,True
gn2_pressurant_regulator,BangBang,3.0,1.02e-06,13050.108820816762,,24578825.723897062,0.05151317678390755,0,False
gn2_pressurant_regulator,BangBang,3.1,1.02e-06,13050.108820816762,,24578825.723897062,0.05151317678390755,0,False
gn2_pressurant_regulator,BangBang,3.1,1.02e-06,13050.108820816762,,24578825.723897062,0.05151317678390755,0,False
gn2_pressurant_regulator,BangBang,3.2,1.02e-06,13050.108820816762,,24578825.723897062,0.05151317678390755,0,False
gn2_pressurant_regulator,BangBang,3.2,1.02e-06,12981.399806018984,,24535438.33349057,0.051319059663210986,0,True
gn2_pressurant_regulator,BangBang,3.2,1.02e-06,12913.280315913998,,24389288.92682278,0.05112628048765865,0,True
gn2_pressurant_regulator,BangBang,3.3,1.02e-06,12845.74330129791,,24244607.39202131,0.05093482569359342,0,True
gn2_pressurant_regulator,BangBang,3.4,1.02e-06,12845.74330129791,,24244607.39202131,0.05093482569359342,0,False
gn2_pressurant_regulator,BangBang,3.4,1.02e-06,12845.74330129791,,24244607.39202131,0.05093482569359342,0,False
gn2_pressurant_regulator,BangBang,3.5,1.02e-06,12845.74330129791,,24244607.39202131,0.05093482569359342,0,False
gn2_pressurant_regulator,BangBang,3.5,1.02e-06,12845.74330129791,,24244607.39202131,0.05093482569359342,0,False
gn2_pressurant_regulator,BangBang,3.6,1.02e-06,12778.781820506092,,24202022.62235116,0.05074468189797219,0,True
gn2_pressurant_regulator,BangBang,3.6,1.02e-06,12712.389037424782,,24060246.069859836,0.050555835895394564,0,True
gn2_pressurant_regulator,BangBang,3.7,1.02e-06,12646.558219545746,,23919875.45268949,0.05036827465518938,0,True
gn2_pressurant_regulator,BangBang,3.7,1.02e-06,12646.558219545746,,23919875.45268949,0.05036827465518938,0,False
gn2_pressurant_regulator,BangBang,3.8,1.02e-06,12646.558219545746,,23919875.45268949,0.05036827465518938,0,False
gn2_pressurant_regulator,BangBang,3.8,1.02e-06,12646.558219545746,,23919875.45268949,0.05036827465518938,0,False
gn2_pressurant_regulator,BangBang,3.9,1.02e-06,12646.558219545746,,23919875.45268949,0.05036827465518938,0,False
gn2_pressurant_regulator,BangBang,3.9,1.02e-06,12581.282736062898,,23877973.17186097,0.050181985318558074,0,True
gn2_pressurant_regulator,BangBang,4.0,1.02e-06,12516.556056010004,,23740321.284029603,0.04999695519577362,0,True
gn2_pressurant_regulator,BangBang,4.0,1.02e-06,12452.37174643826,,23604016.354846336,0.04981317176343335,0,True
gn2_pressurant_regulator,BangBang,4.0,1.02e-06,12452.37174643826,,23604016.354846336,0.04981317176343335,0,False
gn2_pressurant_regulator,BangBang,4.1,1.02e-06,12452.37174643826,,23604016.354846336,0.04981317176343335,0,False
gn2_pressurant_regulator,BangBang,4.2,1.02e-06,12452.37174643826,,23604016.354846336,0.04981317176343335,0,False
gn2_pressurant_regulator,BangBang,4.2,1.02e-06,12452.37174643826,,23604016.354846336,0.04981317176343335,0,False
gn2_pressurant_regulator,BangBang,4.2,1.02e-06,12388.723470632904,,23562705.74145482,0.049630622661765225,0,True
gn2_pressurant_regulator,BangBang,4.3,1.02e-06,12325.604986367925,,23428953.69379223,0.049449295691985695,0,True
gn2_pressurant_regulator,BangBang,4.4,1.02e-06,12263.010144197724,,23296492.60792856,0.04926917881370813,0,True
gn2_pressurant_regulator,BangBang,4.4,1.02e-06,12263.010144197724,,23296492.60792856,0.04926917881370813,0,False
gn2_pressurant_regulator,BangBang,4.5,1.02e-06,12263.010144197724,,23296492.60792856,0.04926917881370813,0,False
gn2_pressurant_regulator,BangBang,4.5,1.02e-06,12263.010144197724,,23296492.60792856,0.04926917881370813,0,False
gn2_pressurant_regulator,BangBang,4.5,1.02e-06,12263.010144197724,,23296492.60792856,0.04926917881370813,0,False
gn2_pressurant_regulator,BangBang,4.6,1.02e-06,12200.932885785001,,23255705.268294245,0.04909026014240089,0,True
gn2_pressurant_regulator,BangBang,4.7,1.02e-06,12139.367242264192,,23125648.54437593,0.04891252794689407,0,True
gn2_pressurant_regulator,BangBang,4.7,1.02e-06,12078.30733263912,,22996829.669703957,0.0487359706469334,0,True
gn2_pressurant_regulator,BangBang,4.8,1.02e-06,12017.747362214372,,22869299.971196413,0.04856057681078053,0,True
gn2_pressurant_regulator,BangBang,4.8,1.02e-06,12017.747362214372,,22869299.971196413,0.04856057681078053,0,False
gn2_pressurant_regulator,BangBang,4.9,1.02e-06,12017.747362214372,,22869299.971196413,0.04856057681078053,0,False
gn2_pressurant_regulator,BangBang,4.9,1.02e-06,12017.747362214372,,22869299.971196413,0.04856057681078053,0,False
gn2_pressurant_regulator,BangBang,5.0,1.02e-06,12017.747362214372,,22869299.971196413,0.04856057681078053,0,False
gn2_pressurant_regulator,BangBang,5.0,1.02e-06,11957.6816210595,,22830865.808026724,0.048386335152858596,0,True
gn2_pressurant_regulator,BangBang,5.1,1.02e-06,11898.104482505345,,22705545.745328445,0.048213234531442384,0,True
gn2_pressurant_regulator,BangBang,5.1,1.02e-06,11839.010401671445,,22581407.132068977,0.0480412639463915,0,True
gn2_pressurant_regulator,BangBang,5.2,1.02e-06,11839.010401671445,,22581407.132068977,0.0480412639463915,0,False
gn2_pressurant_regulator,BangBang,5.2,1.02e-06,11839.010401671445,,22581407.132068977,0.0480412639463915,0,False
gn2_pressurant_regulator,BangBang,5.2,1.02e-06,11839.010401671445,,22581407.132068977,0.0480412639463915,0,False
gn2_pressurant_regulator,BangBang,5.3,1.02e-06,11839.010401671445,,22581407.132068977,0.0480412639463915,0,False
gn2_pressurant_regulator,BangBang,5.4,1.02e-06,11780.393914024293,,22543239.64601962,0.04787041253692643,0,True
gn2_pressurant_regulator,BangBang,5.4,1.02e-06,11722.24963396506,,22421194.86327955,0.047700669579445715,0,True
gn2_pressurant_regulator,BangBang,5.5,1.02e-06,11664.572253446597,,22300283.610877573,0.0475320244853838,0,True
gn2_pressurant_regulator,BangBang,5.5,1.02e-06,11607.356540618941,,22180526.18275329,0.04736446679910907,0,True
gn2_pressurant_regulator,BangBang,5.6,1.02e-06,11607.356540618941,,22180526.18275329,0.04736446679910907,0,False
gn2_pressurant_regulator,BangBang,5.6,1.02e-06,11607.356540618941,,22180526.18275329,0.04736446679910907,0,False
gn2_pressurant_regulator,BangBang,5.7,1.02e-06,11607.356540618941,,22180526.18275329,0.04736446679910907,0,False
gn2_pressurant_regulator,BangBang,5.7,1.02e-06,11607.356540618941,,22180526.18275329,0.04736446679910907,0,False
gn2_pressurant_regulator,BangBang,5.8,1.02e-06,11550.597338502334,,22144239.75501825,0.04719798619586016,0,True
gn2_pressurant_regulator,BangBang,5.8,1.02e-06,11494.289563687593,,22026421.351703238,0.04703257247972089,0,True
gn2_pressurant_regulator,BangBang,5.9,1.02e-06,11438.428205062708,,21909684.67246984,0.04686821558163191,0,True
gn2_pressurant_regulator,BangBang,5.9,1.02e-06,11383.008322565487,,21794035.24748067,0.04670490555743943,0,True
gn2_pressurant_regulator,BangBang,6.0,1.02e-06,11383.008322565487,,21794035.24748067,0.04670490555743943,0,False
gn2_pressurant_regulator,BangBang,6.0,1.02e-06,11383.008322565487,,21794035.24748067,0.04670490555743943,0,False
gn2_pressurant_regulator,BangBang,6.1,1.02e-06,11383.008322565487,,21794035.24748067,0.04670490555743943,0,False
gn2_pressurant_regulator,BangBang,6.1,1.02e-06,11383.008322565487,,21794035.24748067,0.04670490555743943,0,False
gn2_pressurant_regulator,BangBang,6.2,1.02e-06,11383.008322565487,,21794035.24748067,0.04670490555743943,0,False
gn2_pressurant_regulator,BangBang,6.2,1.02e-06,11328.025045961333,,21778711.03600137,0.04654263258597904,0,True
gn2_pressurant_regulator,BangBang,6.2,1.02e-06,11273.473573645751,,21664790.810185943,0.0463813869671951,0,True
gn2_pressurant_regulator,BangBang,6.3,1.02e-06,11219.349171470763,,21551897.373599518,0.04622115912029328,0,True
gn2_pressurant_regulator,BangBang,6.4,1.02e-06,11165.64717159527,,21440028.77079946,0.04606193958192825,0,True
gn2_pressurant_regulator,BangBang,6.4,1.02e-06,11112.362971357854,,21329172.168509744,0.045903719004422215,0,True
gn2_pressurant_regulator,BangBang,6.5,1.02e-06,11112.362971357854,,21329172.168509744,0.045903719004422215,0,False
gn2_pressurant_regulator,BangBang,6.5,1.02e-06,11112.362971357854,,21329172.168509744,0.045903719004422215,0,False
gn2_pressurant_regulator,BangBang,6.6,1.02e-06,11112.362971357854,,21329172.168509744,0.045903719004422215,0,False
gn2_pressurant_regulator,BangBang,6.6,1.02e-06,11112.362971357854,,21329172.168509744,0.045903719004422215,0,False
gn2_pressurant_regulator,BangBang,6.7,1.02e-06,11112.362971357854,,21329172.168509744,0.045903719004422215,0,False
gn2_pressurant_regulator,BangBang,6.7,1.02e-06,11059.49203217255,,21314896.4116535,0.04574648815401723,0,True
gn2_pressurant_regulator,BangBang,6.8,1.02e-06,11007.029878446308,,21205621.037053358,0.045590237909157866,0,True
gn2_pressurant_regulator,BangBang,6.8,1.02e-06,10954.972096517862,,21097314.794615123,0.0454349592588049,0,True
gn2_pressurant_regulator,BangBang,6.9,1.02e-06,10903.314333617845,,20989964.536244776,0.04528064330077949,0,True
gn2_pressurant_regulator,BangBang,6.9,1.02e-06,10852.05229684919,,20883558.491291124,0.04512728124013675,0,True
gn2_pressurant_regulator,BangBang,7.0,1.02e-06,10852.05229684919,,20883558.491291124,0.04512728124013675,0,False
gn2_pressurant_regulator,BangBang,7.0,1.02e-06,10852.05229684919,,20883558.491291124,0.04512728124013675,0,False
gn2_pressurant_regulator,BangBang,7.1,1.02e-06,10852.05229684919,,20883558.491291124,0.04512728124013675,0,False
gn2_pressurant_regulator,BangBang,7.1,1.02e-06,10852.05229684919,,20883558.491291124,0.04512728124013675,0,False
gn2_pressurant_regulator,BangBang,7.2,1.02e-06,10852.05229684919,,20883558.491291124,0.04512728124013675,0,False
gn2_pressurant_regulator,BangBang,7.2,1.02e-06,10801.181752187425,,20870077.556500245,0.04497486438756735,0,True
gn2_pressurant_regulator,BangBang,7.2,1.02e-06,10750.698523500996,,20765125.471753206,0.04482338415782917,0,True
gn2_pressurant_regulator,BangBang,7.3,1.02e-06,10700.598491590175,,20661088.439351488,0.04467283206820469,0,True
gn2_pressurant_regulator,BangBang,7.4,1.02e-06,10650.877593245279,,20557945.32652229,0.044523199736987464,0,True
gn2_pressurant_regulator,BangBang,7.4,1.02e-06,10601.531820322609,,20455685.315035045,0.04437447888199354,0,True
gn2_pressurant_regulator,BangBang,7.5,1.02e-06,10552.557218838636,,20354297.827691168,0.04422666131910004,0,True
gn2_pressurant_regulator,BangBang,7.5,1.02e-06,10552.557218838636,,20354297.827691168,0.04422666131910004,0,False
gn2_pressurant_regulator,BangBang,7.6,1.02e-06,10552.557218838636,,20354297.827691168,0.04422666131910004,0,False
gn2_pressurant_regulator,BangBang,7.6,1.02e-06,10552.557218838636,,20354297.827691168,0.04422666131910004,0,False
gn2_pressurant_regulator,BangBang,7.7,1.02e-06,10552.557218838636,,20354297.827691168,0.04422666131910004,0,False
gn2_pressurant_regulator,BangBang,7.7,1.02e-06,10552.557218838636,,20354297.827691168,0.04422666131910004,0,False
gn2_pressurant_regulator,BangBang,7.8,1.02e-06,10503.949888081639,,20342592.55494133,0.044079738960808794,0,True
gn2_pressurant_regulator,BangBang,7.8,1.02e-06,10455.705979740309,,20242516.398452263,0.04393370381483526,0,True
gn2_pressurant_regulator,BangBang,7.9,1.02e-06,10407.821697049181,,20143298.405318774,0.0437885479827216,0,True
gn2_pressurant_regulator,BangBang,7.9,1.02e-06,10360.293293950479,,20044908.378808785,0.04364426365847429,0,True
gn2_pressurant_regulator,BangBang,8.0,1.02e-06,10313.117074271757,,19947336.468122296,0.04350084312722471,0,True
gn2_pressurant_regulator,BangBang,8.0,1.02e-06,10313.117074271757,,19947336.468122296,0.04350084312722471,0,False
gn2_pressurant_regulator,BangBang,8.1,1.02e-06,10313.117074271757,,19947336.468122296,0.04350084312722471,0,False
gn2_pressurant_regulator,BangBang,8.1,1.02e-06,10313.117074271757,,19947336.468122296,0.04350084312722471,0,False
gn2_pressurant_regulator,BangBang,8.2,1.02e-06,10313.117074271757,,19947336.468122296,0.04350084312722471,0,False
gn2_pressurant_regulator,BangBang,8.2,1.02e-06,10313.117074271757,,19947336.468122296,0.04350084312722471,0,False
gn2_pressurant_regulator,BangBang,8.2,1.02e-06,10266.28939091946,,19935957.13682997,0.043358278763913335,0,True
gn2_pressurant_regulator,BangBang,8.3,1.02e-06,10219.80664508758,,19839603.85551474,0.043216563031996176,0,True
gn2_pressurant_regulator,BangBang,8.3,1.02e-06,10173.665285481384,,19744061.784309268,0.04307568848217351,0,True
gn2_pressurant_regulator,BangBang,8.4,1.02e-06,10127.861807555779,,19649297.45241054,0.04293564775114037,0,True
gn2_pressurant_regulator,BangBang,8.5,1.02e-06,10082.392752768012,,19555301.794727013,0.04279643356035833,0,True
gn2_pressurant_regulator,BangBang,8.5,1.02e-06,10037.254707844373,,19462066.061452635,0.04265803871484799,0,True
gn2_pressurant_regulator,BangBang,8.6,1.02e-06,9992.444304060682,,19369581.61610582,0.04252045610200229,0,True
gn2_pressurant_regulator,BangBang,8.6,1.02e-06,9992.444304060682,,19369581.61610582,0.04252045610200229,0,False
gn2_pressurant_regulator,BangBang,8.7,1.02e-06,9992.444304060682,,19369581.61610582,0.04252045610200229,0,False
gn2_pressurant_regulator,BangBang,8.7,1.02e-06,9992.444304060682,,19369581.61610582,0.04252045610200229,0,False
gn2_pressurant_regulator,BangBang,8.8,1.02e-06,9992.444304060682,,19369581.61610582,0.04252045610200229,0,False
gn2_pressurant_regulator,BangBang,8.8,1.02e-06,9992.444304060682,,19369581.61610582,0.04252045610200229,0,False
gn2_pressurant_regulator,BangBang,8.8,1.02e-06,9947.958216536093,,19360357.712189525,0.042383678690419396,0,True
gn2_pressurant_regulator,BangBang,8.9,1.02e-06,9903.793163540206,,19268960.134146236,0.04224769952875588,0,True
gn2_pressurant_regulator,BangBang,9.0,1.02e-06,9859.945905812854,,19178318.347533222,0.04211251174459843,0,True
gn2_pressurant_regulator,BangBang,9.0,1.02e-06,9816.413245896583,,19088392.34423115,0.04197810854335514,0,True
gn2_pressurant_regulator,BangBang,9.1,1.02e-06,9773.192027481513,,18999173.949851856,0.04184448320716503,0,True
gn2_pressurant_regulator,BangBang,9.1,1.02e-06,9730.2791347621,,18910655.324140348,0.04171162909382583,0,True
gn2_pressurant_regulator,BangBang,9.2,1.02e-06,9730.2791347621,,18910655.324140348,0.04171162909382583,0,False
gn2_pressurant_regulator,BangBang,9.2,1.02e-06,9730.2791347621,,18910655.324140348,0.04171162909382583,0,False
gn2_pressurant_regulator,BangBang,9.2,1.02e-06,9730.2791347621,,18910655.324140348,0.04171162909382583,0,False
gn2_pressurant_regulator,BangBang,9.3,1.02e-06,9730.2791347621,,18910655.324140348,0.04171162909382583,0,False
gn2_pressurant_regulator,BangBang,9.3,1.02e-06,9730.2791347621,,18910655.324140348,0.04171162909382583,0,False
gn2_pressurant_regulator,BangBang,9.4,1.02e-06,9687.671491805817,,18902263.78171376,0.04157953963573944,0,True
gn2_pressurant_regulator,BangBang,9.5,1.02e-06,9645.366061933375,,18814743.011198454,0.041448208338875143,0,True
gn2_pressurant_regulator,BangBang,9.5,1.02e-06,9603.359847110218,,18727932.276022278,0.041317628781749806,0,True
gn2_pressurant_regulator,BangBang,9.6,1.02e-06,9561.64988734917,,18641789.399155267,0.04118779461442497,0,True
gn2_pressurant_regulator,BangBang,9.6,1.02e-06,9520.233260123783,,18556306.92216706,0.041058699557520256,0,True
gn2_pressurant_regulator,BangBang,9.7,1.02e-06,9479.107079792582,,18471477.708930917,0.040930337401243494,0,True
gn2_pressurant_regulator,BangBang,9.7,1.02e-06,9438.268497033336,,18387294.713717848,0.040802702004435865,0,True
gn2_pressurant_regulator,BangBang,9.8,1.02e-06,9438.268497033336,,18387294.713717848,0.040802702004435865,0,False
gn2_pressurant_regulator,BangBang,9.8,1.02e-06,9438.268497033336,,18387294.713717848,0.040802702004435865,0,False
gn2_pressurant_regulator,BangBang,9.9,1.02e-06,9438.268497033336,,18387294.713717848,0.040802702004435865,0,False
gn2_pressurant_regulator,BangBang,9.9,1.02e-06,9438.268497033336,,18387294.713717848,0.040802702004435865,0,False
gn2_pressurant_regulator,BangBang,10.0,1.02e-06,9438.268497033336,,18387294.713717848,0.040802702004435865,0,False
gn2_pressurant_regulator,BangBang,10.0,1.02e-06,9397.714698287857,,18380321.406225014,0.04067578729363366,0,True
gn2_pressurant_regulator,BangBang,10.1,1.02e-06,9357.442905216541,,18297039.878326863,0.04054958726214434,0,True
gn2_pressurant_regulator,BangBang,10.1,1.02e-06,9317.450374162774,,18214420.780925043,0.04042409596913822,0,True
gn2_pressurant_regulator,BangBang,10.2,1.02e-06,9277.734395626981,,18132419.561654456,0.040299307538754894,0,True
gn2_pressurant_regulator,BangBang,10.2,1.02e-06,9238.292293749859,,18051029.482069965,0.040175216159223565,0,True
gn2_pressurant_regulator,BangBang,10.2,1.02e-06,9199.121425804964,,17970244.109583057,0.040051816081998176,0,True
gn2_pressurant_regulator,BangBang,10.3,1.02e-06,9160.219181700164,,17890057.09189042,0.03992910162090586,0,True
gn2_pressurant_regulator,BangBang,10.4,1.02e-06,9121.582983488006,,17810462.154771972,0.03980706715130967,0,True
gn2_pressurant_regulator,BangBang,10.4,1.02e-06,9121.582983488006,,17810462.154771972,0.03980706715130967,0,False
gn2_pressurant_regulator,BangBang,10.5,1.02e-06,9121.582983488006,,17810462.154771972,0.03980706715130967,0,False
gn2_pressurant_regulator,BangBang,10.5,1.02e-06,9121.582983488006,,17810462.154771972,0.03980706715130967,0,False
gn2_pressurant_regulator,BangBang,10.6,1.02e-06,9121.582983488006,,17810462.154771972,0.03980706715130967,0,False
gn2_pressurant_regulator,BangBang,10.6,1.02e-06,9121.582983488006,,17810462.154771972,0.03980706715130967,0,False
gn2_pressurant_regulator,BangBang,10.7,1.02e-06,9083.210284884692,,17805277.071254063,0.03968570710928407,0,True
gn2_pressurant_regulator,BangBang,10.7,1.02e-06,9045.09857079738,,17726485.092140686,0.03956501599080405,0,True
gn2_pressurant_regulator,BangBang,10.8,1.02e-06,9007.245356860072,,17648306.81548574,0.039444988350946945,0,True
gn2_pressurant_regulator,BangBang,10.8,1.02e-06,8969.648188977235,,17570695.724930927,0.03932561880310681,0,True
gn2_pressurant_regulator,BangBang,10.9,1.02e-06,8932.304642875699,,17493645.79346435,0.03920690201822149,0,True
gn2_pressurant_regulator,BangBang,10.9,1.02e-06,8895.212323664247,,17417151.27618214,0.03908883272401177,0,True
gn2_pressurant_regulator,BangBang,11.0,1.02e-06,8858.36886540071,,17341206.498701327,0.038971405704232256,0,True
gn2_pressurant_regulator,BangBang,11.0,1.02e-06,8821.771930666826,,17265805.85527822,0.03885461579793456,0,True
gn2_pressurant_regulator,BangBang,11.1,1.02e-06,8821.771930666826,,17265805.85527822,0.03885461579793456,0,False
gn2_pressurant_regulator,BangBang,11.1,1.02e-06,8821.771930666826,,17265805.85527822,0.03885461579793456,0,False
gn2_pressurant_regulator,BangBang,11.2,1.02e-06,8821.771930666826,,17265805.85527822,0.03885461579793456,0,False
gn2_pressurant_regulator,BangBang,11.2,1.02e-06,8821.771930666826,,17265805.85527822,0.03885461579793456,0,False
gn2_pressurant_regulator,BangBang,11.2,1.02e-06,8821.771930666826,,17265805.85527822,0.03885461579793456,0,False
gn2_pressurant_regulator,BangBang,11.3,1.02e-06,8785.419210150205,,17262008.217893373,0.03873845789874162,0,True
gn2_pressurant_regulator,BangBang,11.4,1.02e-06,8749.308422233547,,17187327.880790856,0.03862292695413325,0,True
gn2_pressurant_regulator,BangBang,11.4,1.02e-06,8713.437312591117,,17113216.699073598,0.038508017964743624,0,True
gn2_pressurant_regulator,BangBang,11.5,1.02e-06,8677.803653791696,,17039627.669456262,0.03839372598366827,0,True
gn2_pressurant_regulator,BangBang,11.5,1.02e-06,8642.405244908794,,16966555.39139745,0.03828004611578335,0,True
gn2_pressurant_regulator,BangBang,11.6,1.02e-06,8607.239911137232,,16893994.717542283,0.038166973517074494,0,True
gn2_pressurant_regulator,BangBang,11.6,1.02e-06,8572.305503416235,,16821940.562534142,0.03805450339397614,0,True
gn2_pressurant_regulator,BangBang,11.7,1.02e-06,8537.599898059098,,16750387.901445761,0.037942631002721466,0,True
gn2_pressurant_regulator,BangBang,11.7,1.02e-06,8503.120996388887,,16679331.769050691,0.03783135164870179,0,True
gn2_pressurant_regulator,BangBang,11.8,1.02e-06,8468.866724380474,,16608767.259120017,0.037720660685835995,0,True
gn2_pressurant_regulator,BangBang,11.8,1.02e-06,8468.866724380474,,16608767.259120017,0.037720660685835995,0,False
gn2_pressurant_regulator,BangBang,11.9,1.02e-06,8468.866724380474,,16608767.259120017,0.037720660685835995,0,False
gn2_pressurant_regulator,BangBang,11.9,1.02e-06,8468.866724380474,,16608767.259120017,0.037720660685835995,0,False
gn2_pressurant_regulator,BangBang,12.0,1.02e-06,8468.866724380474,,16608767.259120017,0.037720660685835995,0,False
gn2_pressurant_regulator,BangBang,12.0,1.02e-06,8468.866724380474,,16608767.259120017,0.037720660685835995,0,False
gn2_pressurant_regulator,BangBang,12.1,1.02e-06,8468.866724380474,,16608767.259120017,0.037720660685835995,0,False
gn2_pressurant_regulator,BangBang,12.1,1.02e-06,8434.83503230848,,16620397.01811137,0.03761055351594971,0,True
gn2_pressurant_regulator,BangBang,12.2,1.02e-06,8401.02389440119,,16550403.408037625,0.03750102558816379,0,True
gn2_pressurant_regulator,BangBang,12.2,1.02e-06,8367.431308500187,,16480928.943922738,0.03739207239829196,0,True
gn2_pressurant_regulator,BangBang,12.2,1.02e-06,8334.055295725844,,16411927.125035942,0.037283689488248256,0,True
gn2_pressurant_regulator,BangBang,12.3,1.02e-06,8300.893900148074,,16343393.225357523,0.0371758724454623,0,True
gn2_pressurant_regulator,BangBang,12.4,1.02e-06,8267.945188462925,,16275322.735614073,0.037068616902304605,0,True
gn2_pressurant_regulator,BangBang,12.4,1.02e-06,8235.207249674255,,16207711.19952057,0.03696191853551968,0,True
gn2_pressurant_regulator,BangBang,12.5,1.02e-06,8202.678194780761,,16140554.212532781,0.03685577306566795,0,True
gn2_pressurant_regulator,BangBang,12.5,1.02e-06,8170.356156468231,,16073847.421227358,0.036750176256576214,0,True
gn2_pressurant_regulator,BangBang,12.6,1.02e-06,8138.239288806759,,16007586.522688534,0.03664512391479599,0,True
gn2_pressurant_regulator,BangBang,12.6,1.02e-06,8106.3257669529685,,15941767.26389819,0.03654061188907004,0,True
gn2_pressurant_regulator,BangBang,12.7,1.02e-06,8074.613786857194,,15876385.441138258,0.036436636069807106,0,True
gn2_pressurant_regulator,BangBang,12.7,1.02e-06,8043.101564975234,,15811436.899388667,0.036333192388563904,0,True
gn2_pressurant_regulator,BangBang,12.8,1.02e-06,8043.101564975234,,15811436.899388667,0.036333192388563904,0,False
gn2_pressurant_regulator,BangBang,12.8,1.02e-06,8043.101564975234,,15811436.899388667,0.036333192388563904,0,False
gn2_pressurant_regulator,BangBang,12.9,1.02e-06,8043.101564975234,,15811436.899388667,0.036333192388563904,0,False
gn2_pressurant_regulator,BangBang,12.9,1.02e-06,8043.101564975234,,15811436.899388667,0.036333192388563904,0,False
gn2_pressurant_regulator,BangBang,13.0,1.02e-06,8043.101564975234,,15811436.899388667,0.036333192388563904,0,False
gn2_pressurant_regulator,BangBang,13.0,1.02e-06,8043.101564975234,,15811436.899388667,0.036333192388563904,0,False
gn2_pressurant_regulator,BangBang,13.1,1.02e-06,8011.787337985036,,15824756.01864785,0.03623027681753528,0,True
gn2_pressurant_regulator,BangBang,13.1,1.02e-06,7980.669362507853,,15760280.365485922,0.036127885369051704,0,True
gn2_pressurant_regulator,BangBang,13.2,1.02e-06,7949.745914833957,,15696268.200192913,0.03602601409508412,0,True
gn2_pressurant_regulator,BangBang,13.2,1.02e-06,7919.015290652695,,15632673.608667672,0.035924659086755996,0,True
gn2_pressurant_regulator,BangBang,13.2,1.02e-06,7888.475804787123,,15569492.581192557,0.035823816473862964,0,True
gn2_pressurant_regulator,BangBang,13.3,1.02e-06,7858.12579093268,,15506721.283007298,0.03572348242439887,0,True
gn2_pressurant_regulator,BangBang,13.4,1.02e-06,7827.963601400153,,15444355.923138812,0.03562365314408925,0,True
gn2_pressurant_regulator,BangBang,13.4,1.02e-06,7797.98760686276,,15382392.753479108,0.03552432487593113,0,True
gn2_pressurant_regulator,BangBang,13.5,1.02e-06,7768.196196107295,,15320828.06827371,0.03542549389974014,0,True
gn2_pressurant_regulator,BangBang,13.5,1.02e-06,7738.587775789178,,15259658.203607153,0.03532715653170357,0,True
gn2_pressurant_regulator,BangBang,13.6,1.02e-06,7709.160770191441,,15198879.536899552,0.03522930912394017,0,True
gn2_pressurant_regulator,BangBang,13.6,1.02e-06,7679.913620987538,,15138488.486406194,0.0351319480640663,0,True
gn2_pressurant_regulator,BangBang,13.7,1.02e-06,7650.844787007867,,15078481.51072547,0.03503506977476828,0,True
gn2_pressurant_regulator,BangBang,13.7,1.02e-06,7621.952744010073,,15018855.108303705,0.034938670713380915,0,True
gn2_pressurant_regulator,BangBang,13.8,1.02e-06,7593.2359844528155,,14959605.816957684,0.034842747371472006,0,True
gn2_pressurant_regulator,BangBang,13.8,1.02e-06,7593.2359844528155,,14959605.816957684,0.034842747371472006,0,False
gn2_pressurant_regulator,BangBang,13.9,1.02e-06,7593.2359844528155,,14959605.816957684,0.034842747371472006,0,False
gn2_pressurant_regulator,BangBang,13.9,1.02e-06,7593.2359844528155,,14959605.816957684,0.034842747371472006,0,False
gn2_pressurant_regulator,BangBang,14.0,1.02e-06,7593.2359844528155,,14959605.816957684,0.034842747371472006,0,False
gn2_pressurant_regulator,BangBang,14.0,1.02e-06,7593.2359844528155,,14959605.816957684,0.034842747371472006,0,False
gn2_pressurant_regulator,BangBang,14.1,1.02e-06,7593.2359844528155,,14959605.816957684,0.034842747371472006,0,False
gn2_pressurant_regulator,BangBang,14.1,1.02e-06,7564.69301727328,,14974594.64343247,0.0347472962744329,0,True
gn2_pressurant_regulator,BangBang,14.2,1.02e-06,7536.322367667944,,14915727.241718626,0.034652313981074455,0,True
gn2_pressurant_regulator,BangBang,14.2,1.02e-06,7508.122576877047,,14857268.434095554,0.034557797083229626,0,True
gn2_pressurant_regulator,BangBang,14.2,1.02e-06,7480.092201972207,,14799173.977637365,0.03446374220536081,0,True
gn2_pressurant_regulator,BangBang,14.3,1.02e-06,7452.229815647389,,14741440.530189876,0.034370146004173104,0,True
gn2_pressurant_regulator,BangBang,14.4,1.02e-06,7424.534006013162,,14684064.88239837,0.0342770051682331,0,True
gn2_pressurant_regulator,BangBang,14.4,1.02e-06,7397.00337639419,,14627043.860352622,0.03418431641759301,0,True
gn2_pressurant_regulator,BangBang,14.5,1.02e-06,7369.636545129688,,14570374.32495055,0.034092076503419895,0,True
gn2_pressurant_regulator,BangBang,14.5,1.02e-06,7342.432145377138,,14514053.171476534,0.03400028220763046,0,True
gn2_pressurant_regulator,BangBang,14.6,1.02e-06,7315.388824918842,,14458077.329190414,0.03390893034253037,0,True
gn2_pressurant_regulator,BangBang,14.6,1.02e-06,7288.505245971669,,14402443.760917488,0.03381801775045936,0,True
gn2_pressurant_regulator,BangBang,14.7,1.02e-06,7261.780084999469,,14347149.462646473,0.033727541303440585,0,True
gn2_pressurant_regulator,BangBang,14.7,1.02e-06,7235.212032528558,,14292191.463133128,0.03363749790283542,0,True
gn2_pressurant_regulator,BangBang,14.8,1.02e-06,7208.799792965886,,14237566.82349943,0.03354788447900257,0,True
gn2_pressurant_regulator,BangBang,14.8,1.02e-06,7182.542084420032,,14183272.636848032,0.03345869799096223,0,True
gn2_pressurant_regulator,BangBang,14.9,1.02e-06,7156.437638524838,,14129306.027876679,0.033369935426064576,0,True
gn2_pressurant_regulator,BangBang,14.9,1.02e-06,7130.485200265871,,14075664.152496498,0.03328159379966336,0,True
gn2_pressurant_regulator,BangBang,15.0,1.02e-06,7104.683527809338,,14022344.197453542,0.03319367015479328,0,True
gn2_pressurant_regulator,BangBang,15.0,1.02e-06,7079.031392333639,,13969343.379958807,0.03310616156185232,0,True
gn2_pressurant_regulator,BangBang,15.1,1.02e-06,7053.527577863475,,13916658.947318466,0.03301906511828814,0,True
gn2_pressurant_regulator,BangBang,15.1,1.02e-06,7053.527577863475,,13916658.947318466,0.03301906511828814,0,False
gn2_pressurant_regulator,BangBang,15.2,1.02e-06,7053.527577863475,,13916658.947318466,0.03301906511828814,0,False
gn2_pressurant_regulator,BangBang,15.2,1.02e-06,7053.527577863475,,13916658.947318466,0.03301906511828814,0,False
gn2_pressurant_regulator,BangBang,15.2,1.02e-06,7053.527577863475,,13916658.947318466,0.03301906511828814,0,False
gn2_pressurant_regulator,BangBang,15.3,1.02e-06,7053.527577863475,,13916658.947318466,0.03301906511828814,0,False
gn2_pressurant_regulator,BangBang,15.4,1.02e-06,7053.527577863475,,13916658.947318466,0.03301906511828814,0,False
gn2_pressurant_regulator,BangBang,15.4,1.02e-06,7053.527577863475,,13916658.947318466,0.03301906511828814,0,False
gn2_pressurant_regulator,BangBang,15.5,1.02e-06,7028.170881106487,,13945122.709625416,0.03293237794828913,0,True
gn2_pressurant_regulator,BangBang,15.5,1.02e-06,7002.96011129214,,13892675.601104459,0.0328460972024789,0,True
gn2_pressurant_regulator,BangBang,15.6,1.02e-06,6977.894090013276,,13840576.23902629,0.032760220057615884,0,True
gn2_pressurant_regulator,BangBang,15.6,1.02e-06,6952.971651069888,,13788783.593633128,0.032674743716296424,0,True
gn2_pressurant_regulator,BangBang,15.7,1.02e-06,6928.191640315184,,13737295.014151953,0.032589665406661854,0,True
gn2_pressurant_regulator,BangBang,15.7,1.02e-06,6903.5529155039985,,13686107.938090669,0.03250498238210987,0,True
gn2_pressurant_regulator,BangBang,15.8,1.02e-06,6879.054346143452,,13635219.830039866,0.03242069192100949,0,True
gn2_pressurant_regulator,BangBang,15.8,1.02e-06,6854.69481334578,,13584628.18126265,0.03233679132642004,0,True
gn2_pressurant_regulator,BangBang,15.9,1.02e-06,6830.47320968338,,13534330.509379074,0.03225327792581387,0,True
gn2_pressurant_regulator,BangBang,15.9,1.02e-06,6806.388439045867,,13484324.358056955,0.03217014907080253,0,True
gn2_pressurant_regulator,BangBang,16.0,1.02e-06,6782.4394164993855,,13434607.296700269,0.03208740213686705,0,True
gn2_pressurant_regulator,BangBang,16.0,1.02e-06,6758.62506814792,,13385176.920149459,0.032005034523091565,0,True
gn2_pressurant_regulator,BangBang,16.1,1.02e-06,6734.944330996532,,13336030.848378357,0.03192304365190031,0,True
gn2_pressurant_regulator,BangBang,16.1,1.02e-06,6711.396152816787,,13287166.726199578,0.03184142696879855,0,True
gn2_pressurant_regulator,BangBang,16.2,1.02e-06,6687.979492013899,,13238582.22296832,0.0317601819421164,0,True
gn2_pressurant_regulator,BangBang,16.2,1.02e-06,6664.6933174960295,,13190275.032295436,0.03167930606275655,0,True
gn2_pressurant_regulator,BangBang,16.2,1.02e-06,6641.536608545382,,13142242.871759191,0.031598796843945065,0,True
gn2_pressurant_regulator,BangBang,16.3,1.02e-06,6618.508354691047,,13094483.482622515,0.0315186518209853,0,True
gn2_pressurant_regulator,BangBang,16.4,1.02e-06,6595.607555583902,,13046994.629555658,0.031438868551015395,0,True
gn2_pressurant_regulator,BangBang,16.4,1.02e-06,6572.8332208731335,,12999774.100355478,0.03135944461276874,0,True
gn2_pressurant_regulator,BangBang,16.4,1.02e-06,6550.184370084576,,12952819.705679234,0.031280377606337444,0,True
gn2_pressurant_regulator,BangBang,16.5,1.02e-06,6527.660032500886,,12906129.2787665,0.031201665152939404,0,True
gn2_pressurant_regulator,BangBang,16.6,1.02e-06,6505.259247043271,,12859700.67518169,0.031123304894687707,0,True
gn2_pressurant_regulator,BangBang,16.6,1.02e-06,6482.981062155003,,12813531.7725452,0.031045294494363485,0,True
gn2_pressurant_regulator,BangBang,16.7,1.02e-06,6460.824535686586,,12767620.470274488,0.030967631635191704,0,True
gn2_pressurant_regulator,BangBang,16.7,1.02e-06,6438.788734782536,,12721964.689328548,0.030890314020619643,0,True
gn2_pressurant_regulator,BangBang,16.8,1.02e-06,6416.872735769758,,12676562.371955208,0.03081333937409841,0,True
gn2_pressurant_regulator,BangBang,16.8,1.02e-06,6395.075624047461,,12631411.481437515,0.030736705438866998,0,True
gn2_pressurant_regulator,BangBang,16.9,1.02e-06,6373.396493978776,,12586510.001848757,0.030660409977739722,0,True
gn2_pressurant_regulator,BangBang,16.9,1.02e-06,6351.834448783712,,12541855.937808432,0.03058445077289562,0,True
gn2_pressurant_regulator,BangBang,16.9,1.02e-06,6330.3886004337155,,12497447.31423812,0.03050882562567108,0,True
gn2_pressurant_regulator,BangBang,17.0,1.02e-06,6309.05806954768,,12453282.176126277,0.03043353235635481,0,True
gn2_pressurant_regulator,BangBang,17.1,1.02e-06,6287.841985289461,,12409358.588291459,0.030358568803985728,0,True
gn2_pressurant_regulator,BangBang,17.1,1.02e-06,6266.739485266751,,12365674.635148512,0.030283932826153222,0,True
gn2_pressurant_regulator,BangBang,17.2,1.02e-06,6245.7497154313605,,12322228.420480845,0.03020962229879978,0,True
gn2_pressurant_regulator,BangBang,17.2,1.02e-06,6224.871829980983,,12279018.067213662,0.030135635116026564,0,True
gn2_pressurant_regulator,BangBang,17.2,1.02e-06,6204.104991262222,,12236041.717187628,0.030061969189901155,0,True
gn2_pressurant_regulator,BangBang,17.3,1.02e-06,6183.448369674954,,12193297.530939374,0.0299886224502676,0,True
gn2_pressurant_regulator,BangBang,17.4,1.02e-06,6162.901143578085,,12150783.68748449,0.02991559284455902,0,True
gn2_pressurant_regulator,BangBang,17.4,1.02e-06,6142.462499196616,,12108498.384097818,0.029842878337612875,0,True
gn2_pressurant_regulator,BangBang,17.4,1.02e-06,6122.131630529849,,12066439.83610338,0.02977047691148788,0,True
gn2_pressurant_regulator,BangBang,17.5,1.02e-06,6101.907739261006,,12024606.27666273,0.02969838656528368,0,True
gn2_pressurant_regulator,BangBang,17.6,1.02e-06,6101.907739261006,,12024606.27666273,0.02969838656528368,0,False
gn2_pressurant_regulator,BangBang,17.6,1.02e-06,6101.907739261006,,12024606.27666273,0.02969838656528368,0,False
gn2_pressurant_regulator,BangBang,17.7,1.02e-06,6101.907739261006,,12024606.27666273,0.02969838656528368,0,False
gn2_pressurant_regulator,BangBang,17.7,1.02e-06,6101.907739261006,,12024606.27666273,0.02969838656528368,0,False
gn2_pressurant_regulator,BangBang,17.8,1.02e-06,6101.907739261006,,12024606.27666273,0.02969838656528368,0,False
gn2_pressurant_regulator,BangBang,17.8,1.02e-06,6101.907739261006,,12024606.27666273,0.02969838656528368,0,False
gn2_pressurant_regulator,BangBang,17.9,1.02e-06,6101.907739261006,,12024606.27666273,0.02969838656528368,0,False
gn2_pressurant_regulator,BangBang,17.9,1.02e-06,6081.790034667995,,12055817.651354697,0.029626605314962723,0,True
gn2_pressurant_regulator,BangBang,17.9,1.02e-06,6061.777733535444,,12014084.611141402,0.02955513119317425,0,True
gn2_pressurant_regulator,BangBang,18.0,1.02e-06,6041.870060067925,,11972606.063565979,0.029483962249080526,0,True
gn2_pressurant_regulator,BangBang,18.1,1.02e-06,6022.06624580427,,11931346.896810679,0.029413096548185108,0,True
gn2_pressurant_regulator,BangBang,18.1,1.02e-06,6002.365529533263,,11890305.420880247,0.02934253217216357,0,True
gn2_pressurant_regulator,BangBang,18.2,1.02e-06,5982.767157210206,,11849479.973831441,0.029272267218695885,0,True
gn2_pressurant_regulator,BangBang,18.2,1.02e-06,5963.270381874829,,11808868.909924705,0.029202299801301203,0,True
gn2_pressurant_regulator,BangBang,18.2,1.02e-06,5943.874463570221,,11768470.599433322,0.029132628049174575,0,True
gn2_pressurant_regulator,BangBang,18.3,1.02e-06,5924.578669262809,,11728283.428466065,0.029063250107025502,0,True
gn2_pressurant_regulator,BangBang,18.4,1.02e-06,5905.382272763493,,11688305.7987849,0.028994164134918746,0,True
gn2_pressurant_regulator,BangBang,18.4,1.02e-06,5886.284554649875,,11648536.127628842,0.028925368308117073,0,True
gn2_pressurant_regulator,BangBang,18.4,1.02e-06,5867.2848021893,,11608972.847537626,0.02885686081692545,0,True
gn2_pressurant_regulator,BangBang,18.5,1.02e-06,5848.382309263241,,11569614.406182237,0.028788639866537843,0,True
gn2_pressurant_regulator,BangBang,18.6,1.02e-06,5829.576376292482,,11530459.266187299,0.028720703676885402,0,True
gn2_pressurant_regulator,BangBang,18.6,1.02e-06,5810.866310163326,,11491505.904971525,0.028653050482486564,0,True
gn2_pressurant_regulator,BangBang,18.7,1.02e-06,5792.251424154882,,11452752.81457342,0.028585678532299177,0,True
gn2_pressurant_regulator,BangBang,18.7,1.02e-06,5773.731037867127,,11414198.501487754,0.028518586089574003,0,True
gn2_pressurant_regulator,BangBang,18.8,1.02e-06,5755.304477150151,,11375841.48650739,0.028451771431710546,0,True
gn2_pressurant_regulator,BangBang,18.8,1.02e-06,5736.971074034183,,11337680.304559246,0.028385232850114153,0,True
gn2_pressurant_regulator,BangBang,18.9,1.02e-06,5718.730166660538,,11299713.504544755,0.028318968650055027,0,True
gn2_pressurant_regulator,BangBang,18.9,1.02e-06,5700.581099213556,,11261939.649185287,0.028252977150528876,0,True
gn2_pressurant_regulator,BangBang,18.9,1.02e-06,5682.523221853374,,11224357.314865738,0.028187256684119328,0,True
gn2_pressurant_regulator,BangBang,19.0,1.02e-06,5664.555890649596,,11187227.576408938,0.028121805596861872,0,True
gn2_pressurant_regulator,BangBang,19.1,1.02e-06,5646.678467515784,,11149760.954576202,0.028056622248109384,0,True
gn2_pressurant_regulator,BangBang,19.1,1.02e-06,5628.8903201449475,,11112940.787534658,0.027991705010399617,0,True
gn2_pressurant_regulator,BangBang,19.2,1.02e-06,5611.190821945638,,11075914.105982887,0.02792705226932363,0,True
gn2_pressurant_regulator,BangBang,19.2,1.02e-06,5593.579351979119,,11039399.72140937,0.02786266242339637,0,True
gn2_pressurant_regulator,BangBang,19.2,1.02e-06,5576.055294897164,,11003036.826376613,0.02779853388392846,0,True
gn2_pressurant_regulator,BangBang,19.3,1.02e-06,5558.618040880795,,10966524.870283382,0.0277346650748997,0,True
gn2_pressurant_regulator,BangBang,19.4,1.02e-06,5541.266985579695,,10930462.188601246,0.02767105443283382,0,True
gn2_pressurant_regulator,BangBang,19.4,1.02e-06,5524.001530052488,,10894548.245562635,0.027607700406674915,0,True
gn2_pressurant_regulator,BangBang,19.5,1.02e-06,5506.821080707714,,10858782.13891423,0.027544601457665113,0,True
gn2_pressurant_regulator,BangBang,19.5,1.02e-06,5489.725049245716,,10823162.973637171,0.027481756059224132,0,True
gn2_pressurant_regulator,BangBang,19.6,1.02e-06,5472.712852601001,,10787689.86187501,0.027419162696829594,0,True
gn2_pressurant_regulator,BangBang,19.6,1.02e-06,5455.783912885634,,10752361.922862165,0.027356819867899305,0,True
gn2_pressurant_regulator,BangBang,19.7,1.02e-06,5438.937657333131,,10717547.276320145,0.027294726081674582,0,True
gn2_pressurant_regulator,BangBang,19.7,1.02e-06,5422.173518243183,,10682507.068524972,0.027232879859104955,0,True
gn2_pressurant_regulator,BangBang,19.8,1.02e-06,5405.490932927063,,10647975.097253628,0.027171279732734498,0,True
gn2_pressurant_regulator,BangBang,19.8,1.02e-06,5388.8893436537355,,10613219.180974163,0.02710992424658917,0,True
gn2_pressurant_regulator,BangBang,19.9,1.02e-06,5372.368197596533,,10579080.185270999,0.02704881195606538,0,True
gn2_pressurant_regulator,BangBang,19.9,1.02e-06,5355.926946780728,,10544605.175065313,0.026987941427820315,0,True
gn2_pressurant_regulator,BangBang,20.0,1.02e-06,5339.565048031547,,10510852.906374112,0.02692731123966299,0,True
ullage_vent_to_atmosphere,Connection,0.0,5e-06,-177450.477818809,,3346053.646585267,0.3546547149023155,0,1
ullage_vent_to_atmosphere,Connection,0.1,5e-06,-179055.85217878214,,3407825.820901393,0.35792185468843357,0,1
ullage_vent_to_atmosphere,Connection,0.1,5e-06,-178079.87199826518,,3370201.227041426,0.3559354182220176,0,1
ullage_vent_to_atmosphere,Connection,0.2,5e-06,-177103.81621088888,,3332792.2869510935,0.3539494273170862,0,1
ullage_vent_to_atmosphere,Connection,0.2,5e-06,-176145.6107831613,,3296279.8919998836,0.35200033620257093,0,1
ullage_vent_to_atmosphere,Connection,0.2,5e-06,-177731.84695680402,,3356837.5341684003,0.355227219464272,0,1
ullage_vent_to_atmosphere,Connection,0.3,5e-06,-179273.39864294848,,3416242.16999223,0.35836471442985257,0,1
ullage_vent_to_atmosphere,Connection,0.4,5e-06,-178328.95948915844,,3379782.9127453486,0.3564423350033187,0,1
ullage_vent_to_atmosphere,Connection,0.4,5e-06,-177384.90497057608,,3343543.078636092,0.3545213003127376,0,1
ullage_vent_to_atmosphere,Connection,0.5,5e-06,-176457.52237353474,,3308142.1870760876,0.35263473453807737,0,1
ullage_vent_to_atmosphere,Connection,0.5,5e-06,-177955.4844062888,,3365421.720419745,0.355682292238392,0,1
ullage_vent_to_atmosphere,Connection,0.6,5e-06,-179411.54652275323,,3421592.422891348,0.3586459579021146,0,1
ullage_vent_to_atmosphere,Connection,0.6,5e-06,-178496.53409481968,,3386237.04171039,0.35678338729413805,0,1
ullage_vent_to_atmosphere,Connection,0.7,5e-06,-177583.15366869167,,3351136.382441331,0.35492466557631003,0,1
ullage_vent_to_atmosphere,Connection,0.7,5e-06,-176685.34434899778,,3316820.5554318577,0.3530981409167718,0,1
ullage_vent_to_atmosphere,Connection,0.8,5e-06,-175802.3782748393,,3283252.175932386,0.351302303977943,0,1
ullage_vent_to_atmosphere,Connection,0.8,5e-06,-177229.70416213493,,3337604.8795596277,0.35420553930597865,0,1
ullage_vent_to_atmosphere,Connection,0.9,5e-06,-178618.3015718711,,3390930.95446852,0.35703122281305566,0,1
ullage_vent_to_atmosphere,Connection,0.9,5e-06,-177746.5737506679,,3357402.46027869,0.3552571855851375,0,1
ullage_vent_to_atmosphere,Connection,1.0,5e-06,-176876.3454675167,,3324105.4789031646,0.3534866759489397,0,1
ullage_vent_to_atmosphere,Connection,1.0,5e-06,-176020.3132300543,,3291520.9786120905,0.3517455099937467,0,1
ullage_vent_to_atmosphere,Connection,1.1,5e-06,-177373.51894816337,,3343107.245864302,0.35449813457342116,0,1
ullage_vent_to_atmosphere,Connection,1.1,5e-06,-178690.27264898142,,3393706.907836169,0.35717771123230535,0,1
ullage_vent_to_atmosphere,Connection,1.2,5e-06,-177844.4252566843,,3361157.349196313,0.35545629755909647,0,1
ullage_vent_to_atmosphere,Connection,1.2,5e-06,-177000.93129948826,,3328861.778956153,0.353740121083992,0,1
ullage_vent_to_atmosphere,Connection,1.2,5e-06,-176170.75379341622,,3297235.279092398,0.3520514724382357,0,1
ullage_vent_to_atmosphere,Connection,1.3,5e-06,-177456.1478387173,,3346270.779242634,0.3546662512576539,0,1
ullage_vent_to_atmosphere,Connection,1.4,5e-06,-178707.19890413008,,3394359.9330208064,0.35721216305187276,0,1
ullage_vent_to_atmosphere,Connection,1.4,5e-06,-177886.30151705473,,3362764.9521478247,0.3555415108076851,0,1
ullage_vent_to_atmosphere,Connection,1.5,5e-06,-177068.40689442333,,3331439.2725123046,0.35387739083112263,0,1
ullage_vent_to_atmosphere,Connection,1.5,5e-06,-176263.0194545603,,3300742.440895122,0.35223912710630295,0,1
ullage_vent_to_atmosphere,Connection,1.6,5e-06,-177486.15850167858,,3347420.1563432016,0.35472731199113905,0,1
ullage_vent_to_atmosphere,Connection,1.6,5e-06,-178676.9017525618,,3393191.0970481876,0.35715049614302374,0,1
ullage_vent_to_atmosphere,Connection,1.7,5e-06,-177880.00660046213,,3362523.2686223937,0.3555287013248254,0,1
ullage_vent_to_atmosphere,Connection,1.7,5e-06,-177086.60395657012,,3332134.5589322797,0.353914410719552,0,1
ullage_vent_to_atmosphere,Connection,1.8,5e-06,-176304.96312168456,,3302337.429679319,0.35232443605345926,0,1
ullage_vent_to_atmosphere,Connection,1.8,5e-06,-177470.76158606174,,3346830.444733399,0.35469598482324677,0,1
ullage_vent_to_atmosphere,Connection,1.9,5e-06,-178605.9651571884,,3390455.2533776658,0.35700611386202724,0,1
ullage_vent_to_atmosphere,Connection,1.9,5e-06,-177832.12578260803,,3360685.2566449475,0.35543126978998635,0,1
ullage_vent_to_atmosphere,Connection,2.0,5e-06,-177062.14350926402,,3331199.9741501845,0.35386464872217716,0,1
ullage_vent_to_atmosphere,Connection,2.0,5e-06,-176303.23572675316,,3302271.7342033493,0.35232092269472814,0,1
ullage_vent_to_atmosphere,Connection,2.1,5e-06,-177416.06109518572,,3344735.8208994917,0.3545846902624233,0,1
ullage_vent_to_atmosphere,Connection,2.1,5e-06,-178499.9585069972,,3386369.0000030925,0.35679035693347094,0,1
ullage_vent_to_atmosphere,Connection,2.1,5e-06,-177748.24259570843,,3357466.481025807,0.35526058136422844,0,1
ullage_vent_to_atmosphere,Connection,2.2,5e-06,-177000.6499063459,,3328851.032232219,0.35373954863459695,0,1
ullage_vent_to_atmosphere,Connection,2.2,5e-06,-176263.49715701802,,3300760.6041837377,0.35224009869601236,0,1
ullage_vent_to_atmosphere,Connection,2.3,5e-06,-177327.24758085122,,3341336.3819507323,0.354403992749239,0,1
ullage_vent_to_atmosphere,Connection,2.4,5e-06,-178363.61447479855,,3381117.119478586,0.35651286429885914,0,1
ullage_vent_to_atmosphere,Connection,2.4,5e-06,-177633.11263324664,,3353051.327895174,0.3550263181057392,0,1
ullage_vent_to_atmosphere,Connection,2.5,5e-06,-176906.92244021693,,3325272.4833830707,0.3535488778302985,0,1
ullage_vent_to_atmosphere,Connection,2.5,5e-06,-176190.58562437372,,3297988.9534772295,0.35209180699404463,0,1
ullage_vent_to_atmosphere,Connection,2.6,5e-06,-177208.75435170182,,3336803.733617525,0.35416291740187844,0,1
ullage_vent_to_atmosphere,Connection,2.6,5e-06,-178200.9720196452,,3374857.8213949963,0.3561818634257363,0,1
ullage_vent_to_atmosphere,Connection,2.7,5e-06,-179162.2154704702,,3411939.4024859187,0.3581383748922911,0,1
ullage_vent_to_atmosphere,Connection,2.7,5e-06,-178447.52806076678,,3384348.909538331,0.35668364707908096,0,1
ullage_vent_to_atmosphere,Connection,2.8,5e-06,-177738.11308746447,,3357077.89954056,0.35523996978761835,0,1
ullage_vent_to_atmosphere,Connection,2.8,5e-06,-177038.04601896755,,3330279.3913185033,0.35381562548527723,0,1
ullage_vent_to_atmosphere,Connection,2.9,5e-06,-176347.05206495992,,3303938.34784849,0.35241004157685984,0,1
ullage_vent_to_atmosphere,Connection,2.9,5e-06,-177299.88938494853,,3340289.579994686,0.35434833151780587,0,1
ullage_vent_to_atmosphere,Connection,3.0,5e-06,-178228.61675622535,,3375921.301424226,0.356238123279546,0,1
ullage_vent_to_atmosphere,Connection,3.0,5e-06,-179129.18741507392,,3410661.770096029,0.3580711400148199,0,1
ullage_vent_to_atmosphere,Connection,3.1,5e-06,-178439.80097620437,,3384051.246367646,0.3566679205605989,0,1
ullage_vent_to_atmosphere,Connection,3.1,5e-06,-177755.88116755802,,3357759.522423312,0.35527612441298256,0,1
ullage_vent_to_atmosphere,Connection,3.2,5e-06,-177080.64568245536,,3331906.892559014,0.3539022892542311,0,1
ullage_vent_to_atmosphere,Connection,3.2,5e-06,-176413.8568132355,,3306480.202964171,0.3525459193218759,0,1
ullage_vent_to_atmosphere,Connection,3.2,5e-06,-177307.93580735676,,3340597.441063335,0.3543647022043292,0,1
ullage_vent_to_atmosphere,Connection,3.3,5e-06,-178179.57732150523,,3374034.897782448,0.3561383233669081,0,1
ullage_vent_to_atmosphere,Connection,3.4,5e-06,-179025.52325134227,,3406653.3310568477,0.3578601164156046,0,1
ullage_vent_to_atmosphere,Connection,3.4,5e-06,-178360.30320764982,,3380989.624759797,0.3565061252260068,0,1
ullage_vent_to_atmosphere,Connection,3.5,5e-06,-177700.63288228514,,3355640.3133636885,0.35516370542928827,0,1
ullage_vent_to_atmosphere,Connection,3.5,5e-06,-177049.04278490678,,3330699.478057112,0.3538379969426426,0,1
ullage_vent_to_atmosphere,Connection,3.6,5e-06,-176405.32611937166,,3306155.5615074146,0.35252856813337174,0,1
ullage_vent_to_atmosphere,Connection,3.6,5e-06,-177246.30982216232,,3338239.9714434394,0.35423932333182523,0,1
ullage_vent_to_atmosphere,Connection,3.7,5e-06,-178066.37671418246,,3369682.508478962,0.3559079551483109,0,1
ullage_vent_to_atmosphere,Connection,3.7,5e-06,-178862.91005052792,,3400370.449389199,0.35752910711597685,0,1
ullage_vent_to_atmosphere,Connection,3.8,5e-06,-178220.7255858437,,3375617.7139223656,0.3562220638952304,0,1
ullage_vent_to_atmosphere,Connection,3.8,5e-06,-177584.09460401963,,3351172.4435495543,0.3549265801022464,0,1
ullage_vent_to_atmosphere,Connection,3.9,5e-06,-176954.99334290394,,3327107.596508005,0.35364666830524427,0,1
ullage_vent_to_atmosphere,Connection,3.9,5e-06,-176333.24096685683,,3303412.976613492,0.3523819507933154,0,1
ullage_vent_to_atmosphere,Connection,4.0,5e-06,-177126.04021942514,,3333641.6284492644,0.35399464009772713,0,1
ullage_vent_to_atmosphere,Connection,4.0,5e-06,-177899.30710151728,,3363264.310111534,0.3555679758617213,0,1
ullage_vent_to_atmosphere,Connection,4.0,5e-06,-178650.94959994595,,3392190.054667736,0.357097673518511,0,1
ullage_vent_to_atmosphere,Connection,4.1,5e-06,-178030.69347033507,,3368311.1520726997,0.35583533984803534,0,1
ullage_vent_to_atmosphere,Connection,4.2,5e-06,-177415.93829516237,,3344731.119339507,0.35458444041348997,0,1
ullage_vent_to_atmosphere,Connection,4.2,5e-06,-176808.2105584711,,3321505.8041963843,0.35334807310636535,0,1
ullage_vent_to_atmosphere,Connection,4.2,5e-06,-176207.3513757365,,3298626.17706682,0.35212590585850795,0,1
ullage_vent_to_atmosphere,Connection,4.3,5e-06,-176956.25037996043,,3327155.5911700884,0.35364922551084743,0,1
ullage_vent_to_atmosphere,Connection,4.4,5e-06,-177686.8793590122,,3355112.8657056424,0.35513572011456335,0,1
ullage_vent_to_atmosphere,Connection,4.4,5e-06,-178397.57792812775,,3382424.9698499516,0.35658198693301335,0,1
ullage_vent_to_atmosphere,Connection,4.5,5e-06,-177798.17905711386,,3359382.454453161,0.3553621932800967,0,1
ullage_vent_to_atmosphere,Connection,4.5,5e-06,-177204.18910724344,,3336629.1665302212,0.3541536295542082,0,1
ullage_vent_to_atmosphere,Connection,4.5,5e-06,-176616.76769674147,,3314207.030519891,0.35295864764250323,0,1
ullage_vent_to_atmosphere,Connection,4.6,5e-06,-176035.77461767916,,3292108.021571043,0.35177695434853096,0,1
ullage_vent_to_atmosphere,Connection,4.7,5e-06,-176744.53112678058,,3319077.089023622,0.3532185363988778,0,1
ullage_vent_to_atmosphere,Connection,4.7,5e-06,-177436.17166690624,,3345505.8271652386,0.35462560736004795,0,1
ullage_vent_to_atmosphere,Connection,4.8,5e-06,-178109.39094304474,,3371335.993099731,0.3559954900473017,0,1
ullage_vent_to_atmosphere,Connection,4.8,5e-06,-178764.66692935379,,3396577.5750493,0.3573291352279466,0,1
ullage_vent_to_atmosphere,Connection,4.9,5e-06,-178183.11177119467,,3374170.8392731175,0.356145516257464,0,1
ullage_vent_to_atmosphere,Connection,4.9,5e-06,-177607.15650251813,,3352056.348439475,0.35497350443898046,0,1
ullage_vent_to_atmosphere,Connection,5.0,5e-06,-177037.36083524715,,3330253.217577098,0.35381423157265196,0,1
ullage_vent_to_atmosphere,Connection,5.0,5e-06,-176473.60428731228,,3308754.401595638,0.35266744525336047,0,1
ullage_vent_to_atmosphere,Connection,5.1,5e-06,-177128.50283543777,,3333735.749939748,0.3539996500913043,0,1
ullage_vent_to_atmosphere,Connection,5.1,5e-06,-177767.51962469422,,3358206.0386490095,0.35529980654209,0,1
ullage_vent_to_atmosphere,Connection,5.2,5e-06,-178389.91363122273,,3382129.813199201,0.3565663884441335,0,1
ullage_vent_to_atmosphere,Connection,5.2,5e-06,-177827.64303878014,,3360513.203446673,0.3554221480351741,0,1
ullage_vent_to_atmosphere,Connection,5.2,5e-06,-177270.78604629534,,3339176.1922902428,0.3542891202452025,0,1
ullage_vent_to_atmosphere,Connection,5.3,5e-06,-176719.69855549387,,3318130.2337056296,0.35316802266506125,0,1
ullage_vent_to_atmosphere,Connection,5.4,5e-06,-176174.273295844,,3297369.0251131463,0.3520586304870096,0,1
ullage_vent_to_atmosphere,Connection,5.4,5e-06,-176796.6980780502,,3321066.6527094096,0.35332465422995674,0,1
ullage_vent_to_atmosphere,Connection,5.5,5e-06,-177404.19941472975,,3344281.69686525,0.35456055653044266,0,1
ullage_vent_to_atmosphere,Connection,5.5,5e-06,-177996.24554437934,,3366987.5477668666,0.35576523917601777,0,1
ullage_vent_to_atmosphere,Connection,5.6,5e-06,-178573.22069136513,,3389192.77247539,0.3569394678014514,0,1
ullage_vent_to_atmosphere,Connection,5.6,5e-06,-178027.75322432912,,3368198.1673796563,0.3558293564914518,0,1
ullage_vent_to_atmosphere,Connection,5.7,5e-06,-177487.7337315168,,3347480.491707661,0.35473051702387687,0,1
ullage_vent_to_atmosphere,Connection,5.7,5e-06,-176953.13277925542,,3327036.5593912676,0.3536428833400483,0,1
ullage_vent_to_atmosphere,Connection,5.8,5e-06,-176423.85714716237,,3306860.7938119853,0.352566259774116,0,1
ullage_vent_to_atmosphere,Connection,5.8,5e-06,-177001.88637735997,,3328898.254600916,0.3537420640377151,0,1
ullage_vent_to_atmosphere,Connection,5.9,5e-06,-177566.02985245027,,3350480.151986469,0.35488982375661043,0,1
ullage_vent_to_atmosphere,Connection,5.9,5e-06,-178116.12662672924,,3371594.953988563,0.3560091974167469,0,1
ullage_vent_to_atmosphere,Connection,6.0,5e-06,-178652.51880650694,,3392250.57867567,0.35710086744606695,0,1
ullage_vent_to_atmosphere,Connection,6.0,5e-06,-178123.48878760837,,3371878.0124003864,0.35602417972349093,0,1
ullage_vent_to_atmosphere,Connection,6.1,5e-06,-177599.86978540797,,3351777.053617421,0.3549586780274071,0,1
ullage_vent_to_atmosphere,Connection,6.1,5e-06,-177081.34183282944,,3331933.492129062,0.3539037054958527,0,1
ullage_vent_to_atmosphere,Connection,6.2,5e-06,-176567.82345907562,,3312342.3754309034,0.352859090886575,0,1
ullage_vent_to_atmosphere,Connection,6.2,5e-06,-176059.23230166014,,3292998.774999291,0.3518246613291749,0,1
ullage_vent_to_atmosphere,Connection,6.2,5e-06,-176601.0191785225,,3313606.990826869,0.3529266136496862,0,1
ullage_vent_to_atmosphere,Connection,6.3,5e-06,-177129.94889132658,,3333791.0190235353,0.3540025919771001,0,1
ullage_vent_to_atmosphere,Connection,6.4,5e-06,-177646.04459983288,,3353547.1081764335,0.3550526312984054,0,1
ullage_vent_to_atmosphere,Connection,6.4,5e-06,-178149.61107736404,,3372882.4556256067,0.3560773399560746,0,1
ullage_vent_to_atmosphere,Connection,6.5,5e-06,-178640.9468300599,,3391804.2629628186,0.357077314143391,0,1
ullage_vent_to_atmosphere,Connection,6.5,5e-06,-178131.7368844034,,3372195.147812632,0.35604096498756993,0,1
ullage_vent_to_atmosphere,Connection,6.6,5e-06,-177627.8273397762,,3352848.713583172,0.3550155639366937,0,1
ullage_vent_to_atmosphere,Connection,6.6,5e-06,-177128.6323261535,,3333740.6991294846,0.35399991352982224,0,1
ullage_vent_to_atmosphere,Connection,6.7,5e-06,-176634.08249944216,,3314866.813327667,0.3529938677862306,0,1
ullage_vent_to_atmosphere,Connection,6.7,5e-06,-176144.1042282662,,3296222.650344345,0.3519972721608462,0,1
ullage_vent_to_atmosphere,Connection,6.8,5e-06,-176641.3210126324,,3315142.6581712277,0.3530085917445961,0,1
ullage_vent_to_atmosphere,Connection,6.8,5e-06,-177126.73805258554,,3333668.299578361,0.3539960597826006,0,1
ullage_vent_to_atmosphere,Connection,6.9,5e-06,-177600.66047792512,,3351807.359725253,0.3549602868617791,0,1
ullage_vent_to_atmosphere,Connection,6.9,5e-06,-178063.35353005113,,3369566.3120056726,0.3559018029460974,0,1
ullage_vent_to_atmosphere,Connection,7.0,5e-06,-178515.07466999115,,3386951.527194233,0.3568211226536813,0,1
ullage_vent_to_atmosphere,Connection,7.0,5e-06,-178024.92082714423,,3368089.3288636743,0.35582359261074625,0,1
ullage_vent_to_atmosphere,Connection,7.1,5e-06,-177539.90699454,,3349479.1837045257,0.35483667194591567,0,1
ullage_vent_to_atmosphere,Connection,7.1,5e-06,-177059.2634858434,,3331089.943237286,0.353858789666777,0,1
ullage_vent_to_atmosphere,Connection,7.2,5e-06,-176582.93085514673,,3312917.871518587,0.3528898204600446,0,1
ullage_vent_to_atmosphere,Connection,7.2,5e-06,-176110.8431840814,,3294959.027100549,0.35192962597931404,0,1
ullage_vent_to_atmosphere,Connection,7.2,5e-06,-176568.72183146878,,3312376.5962660075,0.35286091823923316,0,1
ullage_vent_to_atmosphere,Connection,7.3,5e-06,-177015.7490438099,,3329427.711090437,0.3537702654875472,0,1
ullage_vent_to_atmosphere,Connection,7.4,5e-06,-177452.4314565332,,3346128.460049432,0.35465868981712284,0,1
ullage_vent_to_atmosphere,Connection,7.4,5e-06,-177879.00144190688,,3362484.67796563,0.35552665593683935,0,1
ullage_vent_to_atmosphere,Connection,7.5,5e-06,-178295.68251946507,,3378502.0186121473,0.35637461093707734,0,1
ullage_vent_to_atmosphere,Connection,7.5,5e-06,-178702.69221714302,,3394186.055879803,0.3572029900915913,0,1
ullage_vent_to_atmosphere,Connection,7.6,5e-06,-178230.21222661473,,3375982.6837730897,0.35624137023893426,0,1
ullage_vent_to_atmosphere,Connection,7.6,5e-06,-177762.77326032647,,3358023.937848293,0.3552901485494566,0,1
ullage_vent_to_atmosphere,Connection,7.7,5e-06,-177299.38900065995,,3340270.435474344,0.354347313472376,0,1
ullage_vent_to_atmosphere,Connection,7.7,5e-06,-176840.00921519852,,3322718.9436184117,0.35341275888496343,0,1
ullage_vent_to_atmosphere,Connection,7.8,5e-06,-176384.57485067687,,3305365.9272042913,0.3524863608326117,0,1
ullage_vent_to_atmosphere,Connection,7.8,5e-06,-176798.2197438735,,3321124.6959575987,0.3533277496227778,0,1
ullage_vent_to_atmosphere,Connection,7.9,5e-06,-177201.9756384843,,3336544.529015869,0.35414912632564843,0,1
ullage_vent_to_atmosphere,Connection,7.9,5e-06,-177596.57917687882,,3351650.930861444,0.35495198257922395,0,1
ullage_vent_to_atmosphere,Connection,8.0,5e-06,-177982.2303656262,,3366449.1157262377,0.35573671884964,0,1
ullage_vent_to_atmosphere,Connection,8.0,5e-06,-178359.11942821837,,3380944.045953532,0.3565037160062374,0,1
ullage_vent_to_atmosphere,Connection,8.1,5e-06,-177904.29492599922,,3363455.831204463,0.3555781256102096,0,1
ullage_vent_to_atmosphere,Connection,8.1,5e-06,-177454.28507556254,,3346199.4441626407,0.3546624612338778,0,1
ullage_vent_to_atmosphere,Connection,8.2,5e-06,-177008.04059151644,,3329133.2969196476,0.3537545838193126,0,1
ullage_vent_to_atmosphere,Connection,8.2,5e-06,-176565.5178372598,,3312254.5504437406,0.3528544010918757,0,1
ullage_vent_to_atmosphere,Connection,8.2,5e-06,-176126.6638110366,,3295560.0383376917,0.3519618018228007,0,1
ullage_vent_to_atmosphere,Connection,8.3,5e-06,-176510.1457385891,,3310145.700475778,0.35274177139728086,0,1
ullage_vent_to_atmosphere,Connection,8.3,5e-06,-176884.4943091038,,3324416.4676481257,0.3535032528526723,0,1
ullage_vent_to_atmosphere,Connection,8.4,5e-06,-177250.53011620307,,3338401.3888016692,0.35424790949939816,0,1
ullage_vent_to_atmosphere,Connection,8.5,5e-06,-177608.4299203974,,3352105.1589150247,0.3549760954881747,0,1
ullage_vent_to_atmosphere,Connection,8.5,5e-06,-177958.360928167,,3365532.208677043,0.3556881457865372,0,1
ullage_vent_to_atmosphere,Connection,8.6,5e-06,-178300.4861988337,,3378686.90571335,0.356384387165762,0,1
ullage_vent_to_atmosphere,Connection,8.6,5e-06,-178634.96481309977,,3391573.5565925254,0.3570651385333715,0,1
ullage_vent_to_atmosphere,Connection,8.7,5e-06,-178196.35501237705,,3374680.2243839945,0.35617246739273106,0,1
ullage_vent_to_atmosphere,Connection,8.7,5e-06,-177762.44260040487,,3358011.2518178746,0.355289475716876,0,1
ullage_vent_to_atmosphere,Connection,8.8,5e-06,-177332.0256532747,,3341519.2221166394,0.3544137139571394,0,1
ullage_vent_to_atmosphere,Connection,8.8,5e-06,-176905.06741179747,,3325201.678037036,0.3535451041811721,0,1
ullage_vent_to_atmosphere,Connection,8.8,5e-06,-176481.5203796617,,3309055.7772042095,0.35268354669488067,0,1
ullage_vent_to_atmosphere,Connection,8.9,5e-06,-176822.97027648828,,3322068.868220016,0.3533780976877288,0,1
ullage_vent_to_atmosphere,Connection,9.0,5e-06,-177156.1517641358,,3334792.590848207,0.3540558998661833,0,1
ullage_vent_to_atmosphere,Connection,9.0,5e-06,-177482.05223194225,,3347262.878299076,0.3547189571992855,0,1
ullage_vent_to_atmosphere,Connection,9.1,5e-06,-177800.8220366059,,3359483.8768238216,0.3553675713221391,0,1
ullage_vent_to_atmosphere,Connection,9.1,5e-06,-178112.6020045299,,3371459.444649688,0.35600202467454406,0,1
ullage_vent_to_atmosphere,Connection,9.2,5e-06,-178417.52962166758,,3383193.384711301,0.3566225930845035,0,1
ullage_vent_to_atmosphere,Connection,9.2,5e-06,-177995.02612754365,,3366940.698690509,0.3557627577067818,0,1
ullage_vent_to_atmosphere,Connection,9.2,5e-06,-177577.01163001868,,3350900.995352176,0.354912168352372,0,1
ullage_vent_to_atmosphere,Connection,9.3,5e-06,-177162.24541143104,,3335025.5353989005,0.35406829702161013,0,1
ullage_vent_to_atmosphere,Connection,9.3,5e-06,-176750.69570324008,,3319312.163575999,0.3532310762704349,0,1
ullage_vent_to_atmosphere,Connection,9.4,5e-06,-176342.3198529288,,3303758.3305894863,0.3524004165834333,0,1
ullage_vent_to_atmosphere,Connection,9.5,5e-06,-176654.18621701124,,3315632.9542637477,0.35303476111284,0,1
ullage_vent_to_atmosphere,Connection,9.5,5e-06,-176958.4664848851,,3327240.204678515,0.3536537337621531,0,1
ullage_vent_to_atmosphere,Connection,9.6,5e-06,-177256.2051901906,,3338618.4548653034,0.3542594554272278,0,1
ullage_vent_to_atmosphere,Connection,9.6,5e-06,-177547.53361492514,,3349771.4022143516,0.35485218967865845,0,1
ullage_vent_to_atmosphere,Connection,9.7,5e-06,-177832.57410788906,,3360702.4641718515,0.3554321820697328,0,1
ullage_vent_to_atmosphere,Connection,9.7,5e-06,-178111.44622364966,,3371415.009556557,0.35599967261754917,0,1
ullage_vent_to_atmosphere,Connection,9.8,5e-06,-178384.26683840426,,3381912.3604610944,0.35655489603270096,0,1
ullage_vent_to_atmosphere,Connection,9.8,5e-06,-177977.16282439863,,3366254.4431392876,0.35572640663699234,0,1
ullage_vent_to_atmosphere,Connection,9.9,5e-06,-177574.36252703084,,3350799.4739723806,0.35490677822212735,0,1
ullage_vent_to_atmosphere,Connection,9.9,5e-06,-177174.5793101129,,3335497.054847749,0.35409338966067133,0,1
ullage_vent_to_atmosphere,Connection,10.0,5e-06,-176777.7859706854,,3320345.3032791396,0.35328618309063886,0,1
ullage_vent_to_atmosphere,Connection,10.0,5e-06,-176383.9442509012,,3305341.9329521144,0.3524850782205594,0,1
ullage_vent_to_atmosphere,Connection,10.1,5e-06,-176663.7523728287,,3315997.547386093,0.3530542198876451,0,1
ullage_vent_to_atmosphere,Connection,10.1,5e-06,-176936.6597561374,,3326407.6469196137,0.35360937218135846,0,1
ullage_vent_to_atmosphere,Connection,10.2,5e-06,-177203.7733359746,,3336613.2683901554,0.35415278368115805,0,1
ullage_vent_to_atmosphere,Connection,10.2,5e-06,-177465.20594948527,,3346617.6736824554,0.35468468114383267,0,1
ullage_vent_to_atmosphere,Connection,10.2,5e-06,-177721.06218493203,,3356423.857258527,0.3552052746670219,0,1
ullage_vent_to_atmosphere,Connection,10.3,5e-06,-177971.44433852215,,3366034.7712043733,0.3557147698014028,0,1
ullage_vent_to_atmosphere,Connection,10.4,5e-06,-178216.45250829327,,3375453.326915697,0.3562133677371065,0,1
ullage_vent_to_atmosphere,Connection,10.4,5e-06,-178456.18465192177,,3384682.395488542,0.3567012654169294,0,1
ullage_vent_to_atmosphere,Connection,10.5,5e-06,-178064.08562248366,,3369594.4498806396,0.35590329275911997,0,1
ullage_vent_to_atmosphere,Connection,10.5,5e-06,-177676.10783431397,,3354699.8079940467,0.35511380257659503,0,1
ullage_vent_to_atmosphere,Connection,10.6,5e-06,-177290.92855064585,,3339946.7504330315,0.35433010048069935,0,1
ullage_vent_to_atmosphere,Connection,10.6,5e-06,-176908.52462719753,,3325333.638554419,0.3535521371306111,0,1
ullage_vent_to_atmosphere,Connection,10.7,5e-06,-176528.86182922943,,3310858.425426827,0.3527798406738747,0,1
ullage_vent_to_atmosphere,Connection,10.7,5e-06,-176775.64183464285,,3320263.526379957,0.3532818214883897,0,1
ullage_vent_to_atmosphere,Connection,10.8,5e-06,-177016.19588612768,,3329444.7780611087,0.35377117452109724,0,1
ullage_vent_to_atmosphere,Connection,10.8,5e-06,-177251.68283502446,,3338445.4785785996,0.35425025470213733,0,1
ullage_vent_to_atmosphere,Connection,10.9,5e-06,-177482.19826625637,,3347268.471628434,0.3547192543267597,0,1
ullage_vent_to_atmosphere,Connection,10.9,5e-06,-177707.83034220384,,3355916.35326434,0.35517835068257725,0,1
ullage_vent_to_atmosphere,Connection,11.0,5e-06,-177928.66537645197,,3364391.683023827,0.35562771738415483,0,1
ullage_vent_to_atmosphere,Connection,11.0,5e-06,-178144.78790754356,,3372696.985356397,0.35606752451966117,0,1
ullage_vent_to_atmosphere,Connection,11.1,5e-06,-178356.28074342603,,3380834.7499903673,0.3564979387380408,0,1
ullage_vent_to_atmosphere,Connection,11.1,5e-06,-177978.85111217469,,3366319.299056166,0.3557298422229469,0,1
ullage_vent_to_atmosphere,Connection,11.2,5e-06,-177605.3393285124,,3351986.6962782927,0.3549698069999249,0,1
ullage_vent_to_atmosphere,Connection,11.2,5e-06,-177234.42324443904,,3337785.356824895,0.3542151402075263,0,1
ullage_vent_to_atmosphere,Connection,11.2,5e-06,-176866.0830021185,,3323713.848412291,0.35346579943311823,0,1
ullage_vent_to_atmosphere,Connection,11.3,5e-06,-176500.28796284154,,3309770.340092122,0.35272172037504246,0,1
ullage_vent_to_atmosphere,Connection,11.4,5e-06,-176718.7596775448,,3318094.4374629073,0.3531661128328947,0,1
ullage_vent_to_atmosphere,Connection,11.4,5e-06,-176931.5987609473,,3326214.43907495,0.3535990766059166,0,1
ullage_vent_to_atmosphere,Connection,11.5,5e-06,-177139.97920982869,,3334174.396729997,0.35402299789903235,0,1
ullage_vent_to_atmosphere,Connection,11.5,5e-06,-177343.98247392935,,3341976.7908744398,0.3544380407208352,0,1
ullage_vent_to_atmosphere,Connection,11.6,5e-06,-177543.6834646895,,3349623.879744173,0.35484435585002533,0,1
ullage_vent_to_atmosphere,Connection,11.6,5e-06,-177739.1555874215,,3357117.890146993,0.35524209106903587,0,1
ullage_vent_to_atmosphere,Connection,11.7,5e-06,-177930.47079892276,,3364461.0186319198,0.3556313912787014,0,1
ullage_vent_to_atmosphere,Connection,11.7,5e-06,-178117.69964215186,,3371655.431824263,0.35601239856636346,0,1
ullage_vent_to_atmosphere,Connection,11.8,5e-06,-178300.9112793733,,3378703.266741589,0.35638525227094653,0,1
ullage_vent_to_atmosphere,Connection,11.8,5e-06,-178480.173524712,,3385606.631125049,0.35675008904692296,0,1
ullage_vent_to_atmosphere,Connection,11.9,5e-06,-178117.42109594305,,3371644.7224970185,0.3560118317135181,0,1
ullage_vent_to_atmosphere,Connection,11.9,5e-06,-177758.38811524631,,3357855.7003146806,0.3552812255852832,0,1
ullage_vent_to_atmosphere,Connection,12.0,5e-06,-177401.75255611006,,3344188.022979386,0.354555578171747,0,1
ullage_vent_to_atmosphere,Connection,12.0,5e-06,-177047.4976368789,,3330640.4502845313,0.35383485353997196,0,1
ullage_vent_to_atmosphere,Connection,12.1,5e-06,-176695.59612459628,,3317211.353437638,0.3531189945305788,0,1
ullage_vent_to_atmosphere,Connection,12.1,5e-06,-176346.02131217901,,3303899.1367234243,0.3524079450954902,0,1
ullage_vent_to_atmosphere,Connection,12.2,5e-06,-176534.10142597643,,3311057.968187105,0.352790498262221,0,1
ullage_vent_to_atmosphere,Connection,12.2,5e-06,-176717.1892495273,,3318034.562802193,0.353162918325247,0,1
ullage_vent_to_atmosphere,Connection,12.2,5e-06,-176896.44997553574,,3324872.765892457,0.35352757392222356,0,1
ullage_vent_to_atmosphere,Connection,12.3,5e-06,-177071.95082513738,,3331574.675611445,0.3538846005457014,0,1
ullage_vent_to_atmosphere,Connection,12.4,5e-06,-177243.75352782165,,3338142.200554472,0.35423412256891906,0,1
ullage_vent_to_atmosphere,Connection,12.4,5e-06,-177411.91863193948,,3344577.223168847,0.3545762620117282,0,1
ullage_vent_to_atmosphere,Connection,12.5,5e-06,-177576.50554736058,,3350881.60065918,0.3549111386255717,0,1
ullage_vent_to_atmosphere,Connection,12.5,5e-06,-177737.57257107686,,3357057.165270306,0.3552388699438422,0,1
ullage_vent_to_atmosphere,Connection,12.6,5e-06,-177895.1769120623,,3363105.724568389,0.3555595713307877,0,1
ullage_vent_to_atmosphere,Connection,12.6,5e-06,-178049.3747155185,,3369029.0617239815,0.35587335602922143,0,1
ullage_vent_to_atmosphere,Connection,12.7,5e-06,-178200.2210862768,,3374828.935787534,0.35618033520658315,0,1
ullage_vent_to_atmosphere,Connection,12.7,5e-06,-178347.7701118286,,3380507.0819741557,0.35648061800029257,0,1
ullage_vent_to_atmosphere,Connection,12.8,5e-06,-178492.07488452623,,3386065.211939169,0.3567743115614674,0,1
ullage_vent_to_atmosphere,Connection,12.8,5e-06,-178146.87686761617,,3372777.3136137333,0.35607177567540577,0,1
ullage_vent_to_atmosphere,Connection,12.9,5e-06,-177805.1398646328,,3359649.5737071536,0.3553763574234605,0,1
ullage_vent_to_atmosphere,Connection,12.9,5e-06,-177465.57561736985,,3346631.831088585,0.35468543328156954,0,1
ullage_vent_to_atmosphere,Connection,13.0,5e-06,-177128.17036660062,,3333723.042858241,0.35399897371005895,0,1
ullage_vent_to_atmosphere,Connection,13.0,5e-06,-176792.90057529323,,3320921.801014414,0.3533169293057322,0,1
ullage_vent_to_atmosphere,Connection,13.1,5e-06,-176459.7431454142,,3308226.725030631,0.3526392515926717,0,1
ullage_vent_to_atmosphere,Connection,13.1,5e-06,-176612.59205362122,,3314047.9273744375,0.3529501539698259,0,1
ullage_vent_to_atmosphere,Connection,13.2,5e-06,-176761.1301548037,,3319710.081642289,0.3532523018998491,0,1
ullage_vent_to_atmosphere,Connection,13.2,5e-06,-176906.51099001855,,3325256.778502415,0.3535480408247783,0,1
ullage_vent_to_atmosphere,Connection,13.2,5e-06,-177048.78755143424,,3330689.7275856994,0.35383747770324026,0,1
ullage_vent_to_atmosphere,Connection,13.3,5e-06,-177188.00850468574,,3336010.4866218017,0.3541207107272472,0,1
ullage_vent_to_atmosphere,Connection,13.4,5e-06,-177324.22163655542,,3341220.592323713,0.35439783633391786,0,1
ullage_vent_to_atmosphere,Connection,13.4,5e-06,-177457.47388385984,,3346321.561028309,0.35466894926307274,0,1
ullage_vent_to_atmosphere,Connection,13.5,5e-06,-177587.81135124326,,3351314.8889307696,0.3549341425923083,0,1
ullage_vent_to_atmosphere,Connection,13.5,5e-06,-177715.2793287184,,3356202.0523257228,0.3551935077715977,0,1
ullage_vent_to_atmosphere,Connection,13.6,5e-06,-177839.92230861733,,3360984.5078414152,0.3554471346567247,0,1
ullage_vent_to_atmosphere,Connection,13.6,5e-06,-177961.78400217302,,3365663.6926748506,0.35569511154200334,0,1
ullage_vent_to_atmosphere,Connection,13.7,5e-06,-178080.90735560108,,3370241.0248223525,0.35593752519201755,0,1
ullage_vent_to_atmosphere,Connection,13.7,5e-06,-178197.33456599977,,3374717.9033171036,0.3561744608730206,0,1
ullage_vent_to_atmosphere,Connection,13.8,5e-06,-178311.10709653018,,3379095.7084526364,0.35640600238290937,0,1
ullage_vent_to_atmosphere,Connection,13.8,5e-06,-178422.26569160246,,3383375.802019379,0.3566322320812317,0,1
ullage_vent_to_atmosphere,Connection,13.9,5e-06,-178094.91128235747,,3370779.3415990765,0.35596602349027806,0,1
ullage_vent_to_atmosphere,Connection,13.9,5e-06,-177770.74223261327,,3358329.6813816703,0.3553063639741368,0,1
ullage_vent_to_atmosphere,Connection,14.0,5e-06,-177448.5300040806,,3345979.0569806485,0.35465075183748596,0,1
ullage_vent_to_atmosphere,Connection,14.0,5e-06,-177128.263357595,,3333726.5970057617,0.35399916289278854,0,1
ullage_vent_to_atmosphere,Connection,14.1,5e-06,-176809.92213991095,,3321571.096241084,0.35335155484045166,0,1
ullage_vent_to_atmosphere,Connection,14.1,5e-06,-176493.4865590258,,3309511.3719748133,0.3527078861435871,0,1
ullage_vent_to_atmosphere,Connection,14.2,5e-06,-176612.83537655388,,3314057.19851788,0.3529506489125307,0,1
ullage_vent_to_atmosphere,Connection,14.2,5e-06,-176728.51393863285,,3318466.344318102,0.35318595463105285,0,1
ullage_vent_to_atmosphere,Connection,14.2,5e-06,-176841.636988678,,3322781.050468218,0.35341607016744103,0,1
ullage_vent_to_atmosphere,Connection,14.3,5e-06,-176952.24533592374,,3327002.6767043024,0.35364107800503025,0,1
ullage_vent_to_atmosphere,Connection,14.4,5e-06,-177060.3765935743,,3331132.4691451555,0.3538610541476985,0,1
ullage_vent_to_atmosphere,Connection,14.4,5e-06,-177166.06773555724,,3335171.6574178543,0.35407607331981356,0,1
ullage_vent_to_atmosphere,Connection,14.5,5e-06,-177269.35511467574,,3339121.4550678087,0.3542862090024332,0,1
ullage_vent_to_atmosphere,Connection,14.5,5e-06,-177370.27447495656,,3342983.059757491,0.3544915334577254,0,1
ullage_vent_to_atmosphere,Connection,14.6,5e-06,-177468.86096354615,,3346757.65345753,0.3546921177524969,0,1
ullage_vent_to_atmosphere,Connection,14.6,5e-06,-177565.1491424278,,3350446.402640018,0.35488803178137296,0,1
ullage_vent_to_atmosphere,Connection,14.7,5e-06,-177659.1729997728,,3354050.4584667897,0.3550793442892579,0,1
ullage_vent_to_atmosphere,Connection,14.7,5e-06,-177750.96596100248,,3357570.9569752123,0.3552661228932305,0,1
ullage_vent_to_atmosphere,Connection,14.8,5e-06,-177840.56089982542,,3361009.019271168,0.35544843410440163,0,1
ullage_vent_to_atmosphere,Connection,14.8,5e-06,-177927.9901487438,,3364365.7517098645,0.3556263433487221,0,1
ullage_vent_to_atmosphere,Connection,14.9,5e-06,-178013.28550943438,,3367642.2460793667,0.3557999149875459,0,1
ullage_vent_to_atmosphere,Connection,14.9,5e-06,-178096.47826291333,,3370839.57978328,0.3559692123377735,0,1
ullage_vent_to_atmosphere,Connection,15.0,5e-06,-178177.59917949318,,3373958.816022715,0.35613429769159355,0,1
ullage_vent_to_atmosphere,Connection,15.0,5e-06,-178256.6785284176,,3377001.003972703,0.3562952323355831,0,1
ullage_vent_to_atmosphere,Connection,15.1,5e-06,-178333.74608738185,,3379967.1789609026,0.356452076569591,0,1
ullage_vent_to_atmosphere,Connection,15.1,5e-06,-178408.8311517738,,3382858.3626420684,0.35660488972507237,0,1
ullage_vent_to_atmosphere,Connection,15.2,5e-06,-178100.95695031705,,3371011.7534985896,0.35597832659538564,0,1
ullage_vent_to_atmosphere,Connection,15.2,5e-06,-177795.9593640743,,3359297.2766228574,0.3553576765619129,0,1
ullage_vent_to_atmosphere,Connection,15.2,5e-06,-177492.6952701332,,3347670.535147984,0.3547406120013352,0,1
ullage_vent_to_atmosphere,Connection,15.3,5e-06,-177191.15569759381,,3336130.817675367,0.35412711355994536,0,1
ullage_vent_to_atmosphere,Connection,15.4,5e-06,-176891.32381490734,,3324677.117572582,0.3535171459096519,0,1
ullage_vent_to_atmosphere,Connection,15.4,5e-06,-176593.18307801633,,3313308.44604244,0.35291067432911954,0,1
ullage_vent_to_atmosphere,Connection,15.5,5e-06,-176296.71716818365,,3302023.8295878763,0.352307664576755,0,1
ullage_vent_to_atmosphere,Connection,15.5,5e-06,-176380.95874970625,,3305228.3361959807,0.3524790058465389,0,1
ullage_vent_to_atmosphere,Connection,15.6,5e-06,-176462.2042169179,,3308320.411772319,0.3526442574207876,0,1
ullage_vent_to_atmosphere,Connection,15.6,5e-06,-176541.4918220895,,3311339.431842474,0.3528055307075848,0,1
ullage_vent_to_atmosphere,Connection,15.7,5e-06,-176618.8509173872,,3314286.4082789226,0.3529628851241877,0,1
ullage_vent_to_atmosphere,Connection,15.7,5e-06,-176694.30881488364,,3317162.2798293033,0.3531163759503893,0,1
ullage_vent_to_atmosphere,Connection,15.8,5e-06,-176767.8923945137,,3319967.9731411478,0.3532660575986257,0,1
ullage_vent_to_atmosphere,Connection,15.8,5e-06,-176839.62811433777,,3322704.4030011334,0.3534119836344566,0,1
ullage_vent_to_atmosphere,Connection,15.9,5e-06,-176909.54201824515,,3325372.472481941,0.3535542067918509,0,1
ullage_vent_to_atmosphere,Connection,15.9,5e-06,-176977.65974341898,,3327973.073084998,0.35369277898800505,0,1
ullage_vent_to_atmosphere,Connection,16.0,5e-06,-177044.00652780363,,3330507.0848880103,0.3538277513381752,0,1
ullage_vent_to_atmosphere,Connection,16.0,5e-06,-177108.6072171984,,3332975.3766826964,0.35395917416975675,0,1
ullage_vent_to_atmosphere,Connection,16.1,5e-06,-177171.48627237676,,3335378.806118067,0.35408709703643415,0,1
ullage_vent_to_atmosphere,Connection,16.1,5e-06,-177232.66777593282,,3337718.219837497,0.35421156873178283,0,1
ullage_vent_to_atmosphere,Connection,16.2,5e-06,-177292.17543911547,,3339994.4536193456,0.35433263730285297,0,1
ullage_vent_to_atmosphere,Connection,16.2,5e-06,-177350.03260836768,,3342208.332510493,0.3544503500631716,0,1
ullage_vent_to_atmosphere,Connection,16.2,5e-06,-177406.2622718579,,3344360.670963276,0.35456475360573136,0,1
ullage_vent_to_atmosphere,Connection,16.3,5e-06,-177460.88706581746,,3346452.272968774,0.35467589381559594,0,1
ullage_vent_to_atmosphere,Connection,16.4,5e-06,-177513.92928069798,,3348483.9321868545,0.3547838158821511,0,1
ullage_vent_to_atmosphere,Connection,16.4,5e-06,-177565.4108673756,,3350456.432081438,0.35488856431145516,0,1
ullage_vent_to_atmosphere,Connection,16.4,5e-06,-177615.35344293766,,3352370.546043182,0.35499018293775314,0,1
ullage_vent_to_atmosphere,Connection,16.5,5e-06,-177663.77829674628,,3354227.037526045,0.3550887149355597,0,1
ullage_vent_to_atmosphere,Connection,16.6,5e-06,-177710.7063959281,,3356026.660164964,0.3551842028305829,0,1
ullage_vent_to_atmosphere,Connection,16.6,5e-06,-177756.15839112902,,3357770.1579067996,0.3552766885111962,0,1
ullage_vent_to_atmosphere,Connection,16.7,5e-06,-177800.15462198187,,3359458.265133202,0.35536621323933343,0,1
ullage_vent_to_atmosphere,Connection,16.7,5e-06,-177842.7151224572,,3361091.7067818297,0.35545281766115194,0,1
ullage_vent_to_atmosphere,Connection,16.8,5e-06,-177883.8596261142,,3362671.1984664993,0.3555365418175002,0,1
ullage_vent_to_atmosphere,Connection,16.8,5e-06,-177923.60757134613,,3364197.4465998826,0.35561742515438466,0,1
ullage_vent_to_atmosphere,Connection,16.9,5e-06,-177961.9781063882,,3365671.148509527,0.35569550653295334,0,1
ullage_vent_to_atmosphere,Connection,16.9,5e-06,-177998.99009426875,,3367092.992554304,0.3557708242393756,0,1
ullage_vent_to_atmosphere,Connection,16.9,5e-06,-178034.66211774814,,3368463.65824278,0.35584341599470176,0,1
ullage_vent_to_atmosphere,Connection,17.0,5e-06,-178069.01248400647,,3369783.8163442505,0.35591331896421646,0,1
ullage_vent_to_atmosphere,Connection,17.1,5e-06,-178102.05922935205,,3371054.129002923,0.355980569766844,0,1
ullage_vent_to_atmosphere,Connection,17.1,5e-06,-178133.82012384376,,3372275.2498508017,0.3560452044843756,0,1
ullage_vent_to_atmosphere,Connection,17.2,5e-06,-178164.31267573003,,3373447.824115889,0.3561072586703412,0,1
ullage_vent_to_atmosphere,Connection,17.2,5e-06,-178193.55413585796,,3374572.488731092,0.35616676735881525,0,1
ullage_vent_to_atmosphere,Connection,17.2,5e-06,-178221.56150205605,,3375649.8724441957,0.35622376507317993,0,1
ullage_vent_to_atmosphere,Connection,17.3,5e-06,-178248.35152332555,,3376680.5959223574,0.3562782858345006,0,1
ullage_vent_to_atmosphere,Connection,17.4,5e-06,-178273.94070395845,,3377665.2718556873,0.35633036316976036,0,1
ullage_vent_to_atmosphere,Connection,17.4,5e-06,-178298.34530772042,,3378604.5050650514,0.35638003012022695,0,1
ullage_vent_to_atmosphere,Connection,17.4,5e-06,-178321.5813617659,,3379498.8926014137,0.3564273192492844,0,1
ullage_vent_to_atmosphere,Connection,17.5,5e-06,-178343.6646605951,,3380349.0238483846,0.35647226265035037,0,1
ullage_vent_to_atmosphere,Connection,17.6,5e-06,-178364.61076990463,,3381155.4806223204,0.3565148919545809,0,1
ullage_vent_to_atmosphere,Connection,17.6,5e-06,-178087.8734554887,,3370508.798979057,0.35595170134273213,0,1
ullage_vent_to_atmosphere,Connection,17.7,5e-06,-177813.50542499716,,3359970.6147055035,0.355393380057156,0,1
ullage_vent_to_atmosphere,Connection,17.7,5e-06,-177540.5424148775,,3349503.5297044977,0.3548379648216396,0,1
ullage_vent_to_atmosphere,Connection,17.8,5e-06,-177268.97814000657,,3339107.0347878574,0.3542854420444179,0,1
ullage_vent_to_atmosphere,Connection,17.8,5e-06,-176998.8002901251,,3328780.3937381557,0.35373578588710786,0,1
ullage_vent_to_atmosphere,Connection,17.9,5e-06,-176729.9967464335,,3318522.8821736346,0.3531889709152703,0,1
ullage_vent_to_atmosphere,Connection,17.9,5e-06,-176462.55553925716,,3308333.7858346542,0.3526449720119714,0,1
ullage_vent_to_atmosphere,Connection,17.9,5e-06,-176491.64802006545,,3309441.3701615413,0.35270414651268683,0,1
ullage_vent_to_atmosphere,Connection,18.0,5e-06,-176518.70728695704,,3310471.7217001356,0.35275918590185606,0,1
ullage_vent_to_atmosphere,Connection,18.1,5e-06,-176544.62635354832,,3311458.8144294317,0.35281190651588035,0,1
ullage_vent_to_atmosphere,Connection,18.1,5e-06,-176569.420501276,,3312403.2101504654,0.35286233938312767,0,1
ullage_vent_to_atmosphere,Connection,18.2,5e-06,-176593.10449363786,,3313305.452155608,0.35291051448174626,0,1
ullage_vent_to_atmosphere,Connection,18.2,5e-06,-176615.69288589872,,3314166.0769769317,0.3529564613694993,0,1
ullage_vent_to_atmosphere,Connection,18.2,5e-06,-176637.20002862008,,3314985.614478366,0.3530002091908287,0,1
ullage_vent_to_atmosphere,Connection,18.3,5e-06,-176657.64007083085,,3315764.5879355767,0.353041786683195,0,1
ullage_vent_to_atmosphere,Connection,18.4,5e-06,-176677.02696332417,,3316503.5141220335,0.35308122218368154,0,1
ullage_vent_to_atmosphere,Connection,18.4,5e-06,-176695.37446179558,,3317202.903390071,0.3531185436352673,0,1
ullage_vent_to_atmosphere,Connection,18.4,5e-06,-176712.69612997829,,3317863.259753323,0.3531537785931106,0,1
ullage_vent_to_atmosphere,Connection,18.5,5e-06,-176729.00534260293,,3318485.0809634733,0.3531869542304705,0,1
ullage_vent_to_atmosphere,Connection,18.6,5e-06,-176744.31528856876,,3319068.858596285,0.3532180973450631,0,1
ullage_vent_to_atmosphere,Connection,18.6,5e-06,-176758.63897364048,,3319615.0781206554,0.35324723436445793,0,1
ullage_vent_to_atmosphere,Connection,18.7,5e-06,-176771.98922353587,,3320124.2189836106,0.35327439135226846,0,1
ullage_vent_to_atmosphere,Connection,18.7,5e-06,-176784.37868672688,,3320596.7546855076,0.35329959401376776,0,1
ullage_vent_to_atmosphere,Connection,18.8,5e-06,-176795.81983710887,,3321033.1528510656,0.3533228677012304,0,1
ullage_vent_to_atmosphere,Connection,18.8,5e-06,-176806.32497682035,,3321433.8753073122,0.3533442374195936,0,1
ullage_vent_to_atmosphere,Connection,18.9,5e-06,-176815.90623894898,,3321799.378158,0.35336372783188136,0,1
ullage_vent_to_atmosphere,Connection,18.9,5e-06,-176824.57559011152,,3322130.1118541514,0.3533813632643763,0,1
ullage_vent_to_atmosphere,Connection,18.9,5e-06,-176832.34483308287,,3322426.521267474,0.35339716771189805,0,1
ullage_vent_to_atmosphere,Connection,19.0,5e-06,-176832.34587014292,,3322426.5608339473,0.353397169821522,0,1
ullage_vent_to_atmosphere,Connection,19.1,5e-06,-176845.24585297584,,3322918.74697217,0.35342341147068107,0,1
ullage_vent_to_atmosphere,Connection,19.1,5e-06,-176845.24688988965,,3322918.786536128,0.3534234135800158,0,1
ullage_vent_to_atmosphere,Connection,19.2,5e-06,-176854.67947353976,,3323278.701610321,0.3534426017760195,0,1
ullage_vent_to_atmosphere,Connection,19.2,5e-06,-176854.6805103673,,3323278.7411732334,0.35344260388518506,0,1
ullage_vent_to_atmosphere,Connection,19.2,5e-06,-176854.68154719233,,3323278.780736044,0.35344260599434524,0,1
ullage_vent_to_atmosphere,Connection,19.3,5e-06,-176862.5347211535,,3323578.446504081,0.3534585813248141,0,1
ullage_vent_to_atmosphere,Connection,19.4,5e-06,-176862.53575787824,,3323578.4860649277,0.3534585834337753,0,1
ullage_vent_to_atmosphere,Connection,19.4,5e-06,-176862.53679460508,,3323578.525625858,0.35345858554274084,0,1
ullage_vent_to_atmosphere,Connection,19.5,5e-06,-176862.53783133428,,3323578.565186878,0.3534585876517112,0,1
ullage_vent_to_atmosphere,Connection,19.5,5e-06,-176862.53886806237,,3323578.604747859,0.3534585897606795,0,1
ullage_vent_to_atmosphere,Connection,19.6,5e-06,-176862.5399047863,,3323578.644308677,0.353458591869639,0,1
ullage_vent_to_atmosphere,Connection,19.6,5e-06,-176862.540941517,,3323578.6838697647,0.35345859397861285,0,1
ullage_vent_to_atmosphere,Connection,19.7,5e-06,-176852.87191959497,,3323209.729965765,0.35343892476225025,0,1
ullage_vent_to_atmosphere,Connection,19.7,5e-06,-176852.87295643424,,3323209.7695286917,0.35343892687143835,0,1
ullage_vent_to_atmosphere,Connection,19.8,5e-06,-176843.29062893213,,3322844.1448730538,0.3534194340708502,0,1
ullage_vent_to_atmosphere,Connection,19.8,5e-06,-176843.29166588446,,3322844.1844380163,0.35341943618026206,0,1
ullage_vent_to_atmosphere,Connection,19.9,5e-06,-176830.8155706754,,3322368.1762950807,0.35339405683343944,0,1
ullage_vent_to_atmosphere,Connection,19.9,5e-06,-176830.8166077483,,3322368.215861665,0.3533940589430877,0,1
ullage_vent_to_atmosphere,Connection,20.0,5e-06,-176815.52184652325,,3321784.7140765944,0.35336294589132655,0,1
